tweet_id,username,created_at,text,replies,retweets,likes,url,Text_original,Text_en
991643210194804737,abfarideh,2018-05-02 11:38:59.807000+00:00,"#Iran. De nouveaux éléments prouvent que de nombreux sites de fosses communes sont délibérément profanés et détruits #Massacre1988 
@RTLlu
 @tageblatt_lu
 @Wort_LU
 @WorldfNature
 amnesty.lu/home/news-sing
…",0,0,0,https://x.com/abfarideh/status/991643210194804737,"#Iran. De nouveaux éléments prouvent que de nombreux sites de fosses communes sont délibérément profanés et détruits #Massacre1988 
@RTLlu
 @tageblatt_lu
 @Wort_LU
 @WorldfNature
 amnesty.lu/home/news-sing
…","#Iran. New evidence proves many mass grave sites are deliberately desecrated and destroyed #Massacre1988 
@RTLlu
 @tageblatt_lu
 @Wort_LU
 @WorldfNature
 amnesty.lu/home/news-sing
…"
2023061684999627089,abfarideh,2026-02-15 15:47:47.029000+00:00,"Auf der Theresienwiese in #Muenchen passen bis zu 400.000 Menschen. 

Das Foto ist während der Höchstzahl aufgenommen worden, welche die 
@PolizeiMuenchen
 auf 250k geschätzt hat. Ein offensichtlicher Fehler. 

Die Zahl sollte auf ca. 60-70.000 korrigiert werden. 
@PolizeiBayern",0,0,0,https://x.com/farbodmah/status/2023061684999627089,"Auf der Theresienwiese in #Muenchen passen bis zu 400.000 Menschen. 

Das Foto ist während der Höchstzahl aufgenommen worden, welche die 
@PolizeiMuenchen
 auf 250k geschätzt hat. Ein offensichtlicher Fehler. 

Die Zahl sollte auf ca. 60-70.000 korrigiert werden. 
@PolizeiBayern","The Theresienwiese in #Muenchen can accommodate up to 400,000 people. 

The photo was taken during the peak number which the 
@PolizeiMuenchen
 estimated at 250k. An obvious mistake. 

The number should be corrected to around 60-70,000. 
@PolizeiBavaria"
2022714703374409814,abfarideh,2026-02-14 16:49:00.163000+00:00,"دوباره عناصر باند فاشیست رضا پهلوی  یک رستوران ایرانی در وین  را مورد حمله قراردادن .
این بار با ارعاب، فحاشی و فشارهای عرزشی‌وار می‌خواهند صاحب رستوران را مجبور کنند آرم شیر و خورشید همراه با عکس رضا پهلوی را نصب کند.
 این ارعاب سازمان‌یافته و تحمیل اندیشه فاشیستی است.

ما نه",0,0,0,https://x.com/iranazadi1395/status/2022714703374409814,"دوباره عناصر باند فاشیست رضا پهلوی  یک رستوران ایرانی در وین  را مورد حمله قراردادن .
این بار با ارعاب، فحاشی و فشارهای عرزشی‌وار می‌خواهند صاحب رستوران را مجبور کنند آرم شیر و خورشید همراه با عکس رضا پهلوی را نصب کند.
 این ارعاب سازمان‌یافته و تحمیل اندیشه فاشیستی است.

ما نه","The elements of Reza Pahlavi's fascist gang attacked an Iranian restaurant in Vienna again.
This time, they want to force the owner of the restaurant to install the lion and sun logo along with Reza Pahlavi's photo with intimidation, obscenity and pressure.
 This is organized intimidation and the imposition of fascist thought.

not us"
2022730448376590363,abfarideh,2026-02-14 17:51:34.064000+00:00,"این قسمتش هم قابل توجه است- از دست ندید؛
امانپور به رضا؛ تو به مردم گفتی بیان بیرون و با ۵۰ هزار نفر ازشون حفاظت میکنی. مردم اومدن بیرون و قصابی شدن. چرا این حرف رو زدی؟ بلاخره ما کی قراره این نیرو رو ببینیم؟ 

رضا : حالا من یه حرفی زدم شما چرا جدی گرفتید‍؟!

#نه_شاه_نه_شیخ",0,0,0,https://x.com/simasepehri95/status/2022730448376590363,"این قسمتش هم قابل توجه است- از دست ندید؛
امانپور به رضا؛ تو به مردم گفتی بیان بیرون و با ۵۰ هزار نفر ازشون حفاظت میکنی. مردم اومدن بیرون و قصابی شدن. چرا این حرف رو زدی؟ بلاخره ما کی قراره این نیرو رو ببینیم؟ 

رضا : حالا من یه حرفی زدم شما چرا جدی گرفتید‍؟!

#نه_شاه_نه_شیخ","This part is also significant - don't miss it;
Amanpour to Reza; You told the people to speak out and protect them with 50,000 people. People came out and became butchers. Why did you say this? Finally, when are we going to see this force? 

Reza: Now I said something, why did you take it seriously?!

#No_Shah_No_Sheikh"
2022736122359492965,abfarideh,2026-02-14 18:14:06.847000+00:00,"تلویزیون «پهلوی اینترنشنال» ! از همان امروز صبح اعلام کرد که ۲۵۰ هزار نفر !! در مونیخ جمع شده اند و بعد همین رقم را دارند لابی های استعماری در مطبوعات جا می اندازند. سه روز قبل هم خامنه ای ادعای مشابهی را در سالگرد انقلاب ضد سلطنتی کرده بود
این هم پیام امشب آقای مسعود رجوی :",0,0,0,https://x.com/FirouzMahvi/status/2022736122359492965,"تلویزیون «پهلوی اینترنشنال» ! از همان امروز صبح اعلام کرد که ۲۵۰ هزار نفر !! در مونیخ جمع شده اند و بعد همین رقم را دارند لابی های استعماری در مطبوعات جا می اندازند. سه روز قبل هم خامنه ای ادعای مشابهی را در سالگرد انقلاب ضد سلطنتی کرده بود
این هم پیام امشب آقای مسعود رجوی :","""Pahlavi International"" TV! As of this morning, he announced that 250 thousand people!! They have gathered in Munich and then colonial lobbies put the same figure in the press. Three days ago, Khamenei made a similar claim on the anniversary of the anti-monarchy revolution
This is Mr. Masoud Rajavi's message tonight:"
2022810036553073096,abfarideh,2026-02-14 23:07:49.364000+00:00,"Once again, in the city of #Munich, fascists gather to chant “Heil Shah” and “Eine Fahne, Ein Volk, Ein Führer” 
@PolizeiBayern
 you ok?",0,0,0,https://x.com/farbodmah/status/2022810036553073096,"Once again, in the city of #Munich, fascists gather to chant “Heil Shah” and “Eine Fahne, Ein Volk, Ein Führer” 
@PolizeiBayern
 you ok?","Once again, in the city of #Munich, fascists gather to chant “Heil Shah” and “One Flag, One People, One Leader” 
@PolizeiBavaria
 you ok?"
2022408202235605410,abfarideh,2026-02-13 20:31:04.597000+00:00,"پروژه ی بیعت گیری از لینزی گراهام شکست خورد!

هدف از این شو‌ مسخره مونیخ این نبود که شازده بیاید و همان حرفهای مفت همیشگی را تکرار کند. تمام هدف این بود که صحنه را بچینند تا از لینزی گراهام برای شازده بیعت بگیرند و سپس آن را در بوق کنند که با پاسخی که گرفتند همه چیز خراب شد. این",0,0,0,https://x.com/AvaAvishan/status/2022408202235605410,"پروژه ی بیعت گیری از لینزی گراهام شکست خورد!

هدف از این شو‌ مسخره مونیخ این نبود که شازده بیاید و همان حرفهای مفت همیشگی را تکرار کند. تمام هدف این بود که صحنه را بچینند تا از لینزی گراهام برای شازده بیعت بگیرند و سپس آن را در بوق کنند که با پاسخی که گرفتند همه چیز خراب شد. این","The pledge project from Linsey Graham failed!

The purpose of this mock show in Munich was not for the prince to come and repeat the same nonsense as usual. The whole point was to set the scene to get Lynsey Graham to pledge her allegiance to the prince and then blow it when the answer they got ruined everything. this"
2022807641974604127,abfarideh,2026-02-14 22:58:18.452000+00:00,"محمد محدثین، مسئول کمیسیون خارجه شورای ملی مقاومت ایران:
اگر ما مشکل داریم، مشکل در دو چیز هست:
یکی سرنگونی،یکی استقلال.
این تبار کثیف سلطنت در ایران این هر دو رو نمایندگی میکنه: ممانعت از سرنگونی، کارشکنی در #سرنگونی و پرچمداری وابستگی و درخدمت بیگانه بودن...
#نه_شاه_نه_شیخ",0,0,0,https://x.com/Rahesevvom96/status/2022807641974604127,"محمد محدثین، مسئول کمیسیون خارجه شورای ملی مقاومت ایران:
اگر ما مشکل داریم، مشکل در دو چیز هست:
یکی سرنگونی،یکی استقلال.
این تبار کثیف سلطنت در ایران این هر دو رو نمایندگی میکنه: ممانعت از سرنگونی، کارشکنی در #سرنگونی و پرچمداری وابستگی و درخدمت بیگانه بودن...
#نه_شاه_نه_شیخ","Mohammad Mohaddestin, official of the foreign commission of the National Council of Resistance of Iran:
If we have a problem, the problem is in two things:
One overthrow, one independence.
This dirty lineage of the monarchy in Iran represents both of them: preventing the overthrow, disrupting the #overthrow and flagging dependence and being in the service of foreigners...
#No_Shah_No_Sheikh"
2022293295867531423,abfarideh,2026-02-13 12:54:28.784000+00:00,"مونیخ- نه شاه می خواهیم نه ملا- ایران همه یک صدا
#نه_شاه_نه_شیخ",0,0,0,https://x.com/FirouzMahvi/status/2022293295867531423,"مونیخ- نه شاه می خواهیم نه ملا- ایران همه یک صدا
#نه_شاه_نه_شیخ","Munich - We don't want a king, we don't want a mullah - Iran is all one voice
#No_Shah_No_Sheikh"
2022922025556213966,abfarideh,2026-02-15 06:32:49.623000+00:00,"#معین_رنجبر
درود بر نامش و یادش که عاشقانه سر در ره آزادی میهن گذاشت . 
نامش را بلند بخوانیم تا لرزه بر اندام ستم بیفتد
معین_رنجبر کسی که بر مزار محسن_شکاری فریاد زد #سر_خم_قدغن در ۱۹ دی‌ماه جانش را فدای آزادی ایران کرد.
جوان ۲۶ ساله اهل کرمانشاه و ساکن کرج که",0,0,0,https://x.com/Bami123/status/2022922025556213966,"#معین_رنجبر
درود بر نامش و یادش که عاشقانه سر در ره آزادی میهن گذاشت . 
نامش را بلند بخوانیم تا لرزه بر اندام ستم بیفتد
معین_رنجبر کسی که بر مزار محسن_شکاری فریاد زد #سر_خم_قدغن در ۱۹ دی‌ماه جانش را فدای آزادی ایران کرد.
جوان ۲۶ ساله اهل کرمانشاه و ساکن کرج که","#Main_Rangebr
Salutations to his name and his memory, who lovingly laid his head on the path of the freedom of the country. 
Let's call his name out loud so that a tremor will fall on the body of the oppressor
Moin Ranjabr, the one who shouted at Mohsen Shekari's grave, sacrificed his life for the freedom of Iran on December 19th.
A 26-year-old man from Kermanshah and a resident of Karaj"
2022633907900850609,abfarideh,2026-02-14 11:27:57.021000+00:00,"Neither Khamenei nor Reza Pahlavi represent the Iranian people. The turban and crown are vehemently rejected. They are fighting for a secular democratic Republic.
#No2ShahNo2Mullahs",0,0,0,https://x.com/jilakazerounian/status/2022633907900850609,"Neither Khamenei nor Reza Pahlavi represent the Iranian people. The turban and crown are vehemently rejected. They are fighting for a secular democratic Republic.
#No2ShahNo2Mullahs","Neither Khamenei nor Reza Pahlavi represent the Iranian people. The turban and crown are vehemently rejected. They are fighting for a secular democratic Republic.
#No2ShahNo2Mullahs"
2022788536496525606,abfarideh,2026-02-14 21:42:23.351000+00:00,"شارلاتانیسم رضا پهلوی در کنفرانس خبری دیدنی است
خبرنگار از او  پرسید چرا اشتباهات پدرت را نمی‌پذیری.
جواب او : «مگه راجع به آینده حرف نمی‌زنیم؟»
برای من سؤال از همین‌جا شروع می‌شود؛ بدون مرزبندی روشن با استبداد گذشته، چطور می‌شود از آینده‌ای متفاوت مطمئن بود؟
#نه_شاه_نه_شیخ",0,0,0,https://x.com/Soroush_DadKhah/status/2022788536496525606,"شارلاتانیسم رضا پهلوی در کنفرانس خبری دیدنی است
خبرنگار از او  پرسید چرا اشتباهات پدرت را نمی‌پذیری.
جواب او : «مگه راجع به آینده حرف نمی‌زنیم؟»
برای من سؤال از همین‌جا شروع می‌شود؛ بدون مرزبندی روشن با استبداد گذشته، چطور می‌شود از آینده‌ای متفاوت مطمئن بود؟
#نه_شاه_نه_شیخ","Reza Pahlavi's charlatanism in the news conference is spectacular
The reporter asked him why you don't accept your father's mistakes.
His answer: ""Aren't we talking about the future?""
For me, the question starts here; Without a clear demarcation with the tyranny of the past, how can one be sure of a different future?
#No_Shah_No_Sheikh"
2022288362611048678,abfarideh,2026-02-13 12:34:52.604000+00:00,"هر برگ از وقایع قیام و انقلابمان را که ورق می‌زنم، لبریز از اسطوره و حماسه است.
پس یادمان باشد؛
حتی اگر مزارمان اسم نداشت، بگوییم حتما «تاریخ» بزنند،
تا آیندگان بدانند
ایستادگانِ این برهه از تاریخ 
ما بودیم.... 

#قيام_تا_سرنگونى 
#مرگ_بر_ستمگر_چە_شاە_باشە_چە_رهبر",0,0,0,https://x.com/simasepehri95/status/2022288362611048678,"هر برگ از وقایع قیام و انقلابمان را که ورق می‌زنم، لبریز از اسطوره و حماسه است.
پس یادمان باشد؛
حتی اگر مزارمان اسم نداشت، بگوییم حتما «تاریخ» بزنند،
تا آیندگان بدانند
ایستادگانِ این برهه از تاریخ 
ما بودیم.... 

#قيام_تا_سرنگونى 
#مرگ_بر_ستمگر_چە_شاە_باشە_چە_رهبر","Every page of the events of our uprising and revolution that I turn is full of myths and epics.
So remember;
Even if our graves don't have a name, let's say they must be marked with ""history"".
For posterity to know
The leaders of this period of history 
We were... 

#Rise_to_overthrow 
#Death_to_the_tyrant_to_the_king_of_the_king_of_the_leader"
2022734793289462200,abfarideh,2026-02-14 18:08:49.972000+00:00,"پیام  فرماندهی مقاومت ملی ایران 
#مسعودرجوی 
#مرگ_بر_ستمگر_چه_شاه_باشه_چه_رهبر #مرگ_بر_خامنه_ای_جنایتکار_و_مزدورانش 
#MSCNOPAHLAVI",0,0,0,https://x.com/HamidBa18163290/status/2022734793289462200,"پیام  فرماندهی مقاومت ملی ایران 
#مسعودرجوی 
#مرگ_بر_ستمگر_چه_شاه_باشه_چه_رهبر #مرگ_بر_خامنه_ای_جنایتکار_و_مزدورانش 
#MSCNOPAHLAVI","The message of the National Resistance Command of Iran 
#Masoodrajavi 
#Death_to_the_tyrant_what_shah_be_what_leader #Death_to_Khamene_a_criminal_and_his_hires 
#MSCNOPAHLAVI"
2022661912149020848,abfarideh,2026-02-14 13:19:13.754000+00:00,"«نه» بزرگ لینزی گراهام به پهلوی در مونیخ 
در مونیخ، صحنه روسیاه شدن رضا پهلوی به یک افتضاح تبدیل شد.

راستی چرا علیرغم همه دیالوگهای مشترک پنهان و آشکار، سناتور آمریکایی اینطور بچه شاه را در کورنر قرار داد؟

در مقاله زیر پاسخ را خواهید گرفت
#نه_شاه_نه_شیخ #از_دموکراسی_بگو",0,0,0,https://x.com/Soroush_DadKhah/status/2022661912149020848,"«نه» بزرگ لینزی گراهام به پهلوی در مونیخ 
در مونیخ، صحنه روسیاه شدن رضا پهلوی به یک افتضاح تبدیل شد.

راستی چرا علیرغم همه دیالوگهای مشترک پنهان و آشکار، سناتور آمریکایی اینطور بچه شاه را در کورنر قرار داد؟

در مقاله زیر پاسخ را خواهید گرفت
#نه_شاه_نه_شیخ #از_دموکراسی_بگو","Lynsey Graham's big ""no"" to Pahlavi in Munich 
In Munich, the scene of Reza Pahlavi's Russianization turned into a disaster.

Indeed, why did the American senator put Bacheh Shah in the corner in spite of all the open and hidden joint dialogues?

You will get the answer in the following article
#No_Shah_No_Sheikh #Tell about_democracy"
2022793684425540076,abfarideh,2026-02-14 22:02:50.713000+00:00,"« Aux visages qui se suivent, vous n'êtes pas oubliés ! »

  Nous rendons hommage à ces femmes qui ont donné leur vie pour une cause plus grande qu’elles.
Des femmes qui, le cœur ferme, ont incarné leur foi et qui, par leur départ, nous ont appris ce que veut dire rester",0,0,0,https://x.com/CNRIfemmes/status/2022793684425540076,"« Aux visages qui se suivent, vous n'êtes pas oubliés ! »

  Nous rendons hommage à ces femmes qui ont donné leur vie pour une cause plus grande qu’elles.
Des femmes qui, le cœur ferme, ont incarné leur foi et qui, par leur départ, nous ont appris ce que veut dire rester","“To the faces that follow one another, you are not forgotten! »

  We pay tribute to these women who gave their lives for a cause greater than themselves.
Women who, with firm hearts, embodied their faith and who, through their departure, taught us what it means to stay"
2022698907575144522,abfarideh,2026-02-14 15:46:14.151000+00:00,"سوار بر قیام مردم ایران و به نام شیر و خورشید مردم را به تظاهرات می‌کشانند ولی تبلیغ تاج را می‌کنند. از اتحاد حرف می‌زنند ولی نه میان  احزاب، ملیت‌ها و اقشار مردم بلکه به اسم یک فرد که نه استراتژی سرنگونی دارد و نه هیچگاه توانسته ائتلافی ایجاد کند. 
#نه_شاه_نه_شیخ",0,0,0,https://x.com/FR34000/status/2022698907575144522,"سوار بر قیام مردم ایران و به نام شیر و خورشید مردم را به تظاهرات می‌کشانند ولی تبلیغ تاج را می‌کنند. از اتحاد حرف می‌زنند ولی نه میان  احزاب، ملیت‌ها و اقشار مردم بلکه به اسم یک فرد که نه استراتژی سرنگونی دارد و نه هیچگاه توانسته ائتلافی ایجاد کند. 
#نه_شاه_نه_شیخ","Riding on the uprising of the people of Iran and in the name of lion and sun, they lead people to demonstrations, but they promote the crown. They talk about unity, but not between parties, nationalities, and people's strata, but in the name of a person who has no overthrow strategy and has never been able to create a coalition. 
#No_Shah_No_Sheikh"
2022284522742551002,abfarideh,2026-02-13 12:19:37.108000+00:00,"Happening now in Munich 
Freedom-loving Iranians gather simultaneously with the  #MSC2026. They call for a democratic, free, and secular Iran. 
#Iran",0,0,0,https://x.com/en_simayazadi/status/2022284522742551002,"Happening now in Munich 
Freedom-loving Iranians gather simultaneously with the  #MSC2026. They call for a democratic, free, and secular Iran. 
#Iran","Happening now in Munich 
Freedom-loving Iranians gather simultaneously with the  #MSC2026. They call for a democratic, free, and secular Iran. 
#Iran"
2022650640208396765,abfarideh,2026-02-14 12:34:26.314000+00:00,"I hope on #ValentinesDay your heart isn’t shattered from a hard #NO like this 65 year old little Baby’s heart was 
@PahlaviReza
   
#MSCNoPahlavi #No2ShahNo2Mullahs",0,0,0,https://x.com/farbodmah/status/2022650640208396765,"I hope on #ValentinesDay your heart isn’t shattered from a hard #NO like this 65 year old little Baby’s heart was 
@PahlaviReza
   
#MSCNoPahlavi #No2ShahNo2Mullahs","I hope on #ValentinesDay your heart isn’t shattered from a hard #NO like this 65 year old little Baby’s heart was 
@PahlaviReza
   
#MSCNoPahlavi #No2ShahNo2Mullahs"
2022660813073609135,abfarideh,2026-02-14 13:14:51.714000+00:00,"خطاب في التجمع الكبير للإيرانيين في برلين في ذكرى الثورة الشعبية ضد نظام الشاه-
وفقاً لبرنامج المجلس الوطني للمقاومة الإيرانية، سيتم صياغة الدستور في إيران المستقبل من قبل مجلس تأسيسي تُجرى انتخاباته في موعد أقصاه ستة أشهر بعد السقوط.
maryam-rajavi.com/ar/berlin-gath
…",0,0,0,https://x.com/Maryam_Rajavi_A/status/2022660813073609135,"خطاب في التجمع الكبير للإيرانيين في برلين في ذكرى الثورة الشعبية ضد نظام الشاه-
وفقاً لبرنامج المجلس الوطني للمقاومة الإيرانية، سيتم صياغة الدستور في إيران المستقبل من قبل مجلس تأسيسي تُجرى انتخاباته في موعد أقصاه ستة أشهر بعد السقوط.
maryam-rajavi.com/ar/berlin-gath
…","Speech at the large gathering of Iranians in Berlin on the anniversary of the popular revolution against the Shah’s regime-
According to the program of the National Council of Resistance of Iran, the constitution of the future Iran will be drafted by a Constituent Assembly whose elections will be held no later than six months after the fall.
maryam-rajavi.com/ar/berlin-gath
…"
2022660802210336910,abfarideh,2026-02-14 13:14:49.124000+00:00,"سخنرانی در گردهمایی بزرگ ایرانیان در برلین در سالگرد انقلاب ضدسلطنتی مردم ایران-‍
طبق برنامه شورای ملی مقاومت، قانون اساسی در ایران آینده توسط مجلس مؤسسانی تدوین می‌شود که انتخابات آن حداکثر شش ماه بعد از سرنگونی برگزار می‌شود.
maryam-rajavi.com/berlin-gatheri
…",0,0,0,https://x.com/Maryam_Rajavi_P/status/2022660802210336910,"سخنرانی در گردهمایی بزرگ ایرانیان در برلین در سالگرد انقلاب ضدسلطنتی مردم ایران-‍
طبق برنامه شورای ملی مقاومت، قانون اساسی در ایران آینده توسط مجلس مؤسسانی تدوین می‌شود که انتخابات آن حداکثر شش ماه بعد از سرنگونی برگزار می‌شود.
maryam-rajavi.com/berlin-gatheri
…","A speech at a large gathering of Iranians in Berlin on the anniversary of the anti-imperialist revolution of the Iranian people
According to the program of the National Council of Resistance, the constitution of the future Iran will be drafted by the Constituent Assembly, whose elections will be held no later than six months after the overthrow.
maryam-rajavi.com/berlin-gatheri
…"
2022660824083402761,abfarideh,2026-02-14 13:14:54.339000+00:00,"Discours à la grande manifestation des Iraniens à Berlin pour l’anniversaire de la révolution antimonarchique du peuple d’Iran-
Selon le programme du Conseil national de la Résistance iranienne (CNRI), la constitution de l’Iran de demain sera rédigée par une assemblée",0,0,0,https://x.com/Maryam_Rajavi_F/status/2022660824083402761,"Discours à la grande manifestation des Iraniens à Berlin pour l’anniversaire de la révolution antimonarchique du peuple d’Iran-
Selon le programme du Conseil national de la Résistance iranienne (CNRI), la constitution de l’Iran de demain sera rédigée par une assemblée","Speech at the large demonstration of Iranians in Berlin for the anniversary of the anti-monarchical revolution of the people of Iran-
According to the program of the National Council of Resistance of Iran (NCRI), the constitution of tomorrow's Iran will be drafted by an assembly"
2022281052354404553,abfarideh,2026-02-13 12:05:49.703000+00:00,"Message to Demonstrators Rallying Concurrently with the Munich Security Conference - 
@Maryam_Rajavi
 
#No2ShahNo2Mullahs #NCRIAlternative #MSC2026",0,0,0,https://x.com/iran_policy/status/2022281052354404553,"Message to Demonstrators Rallying Concurrently with the Munich Security Conference - 
@Maryam_Rajavi
 
#No2ShahNo2Mullahs #NCRIAlternative #MSC2026","Message to Demonstrators Rallying Concurrently with the Munich Security Conference - 
@Maryam_Rajavi
 
#No2ShahNo2Mullahs #NCRIAlternative #MSC2026"
2022068551750922564,abfarideh,2026-02-12 22:01:25.611000+00:00,"„Schlag ins Gesicht“: Schah-Sohn bei der Sicherheitskonferenz – Wut im iranischen Widerstand
Pahlavi habe sich nie von Verbrechen seiner Vorfahren, unter anderem an ethnischen Gruppen im #Iran, distanziert, so Sahar Sanaei. #MSC2026 #MSCNoPahlavi",0,0,0,https://x.com/JavadDabiran/status/2022068551750922564,"„Schlag ins Gesicht“: Schah-Sohn bei der Sicherheitskonferenz – Wut im iranischen Widerstand
Pahlavi habe sich nie von Verbrechen seiner Vorfahren, unter anderem an ethnischen Gruppen im #Iran, distanziert, so Sahar Sanaei. #MSC2026 #MSCNoPahlavi","“Slap in the face”: Shah’s son at the security conference – anger in the Iranian resistance
Pahlavi has never distanced himself from the crimes of his ancestors, including against ethnic groups in #Iran, said Sahar Sanaei. #MSC2026 #MSCNoPahlavi"
2022079808516321717,abfarideh,2026-02-12 22:46:09.433000+00:00,Women in #Iran  Must Be Able to Protest in the Streets Without Fear of Disappearance,0,0,0,https://x.com/womenncri/status/2022079808516321717,Women in #Iran  Must Be Able to Protest in the Streets Without Fear of Disappearance,Women in #Iran  Must Be Able to Protest in the Streets Without Fear of Disappearance
2022442430977507783,abfarideh,2026-02-13 22:47:05.365000+00:00,"President Zelenskyy, many Iranians admire your courage in defending Ukraine during the most consequential war in Europe since World War II. Your stand for sovereignty and freedom has inspired people far beyond your borders.

At the same time, freedom loving Iranians remain deeply",0,0,0,https://x.com/Freedom_4_all/status/2022442430977507783,"President Zelenskyy, many Iranians admire your courage in defending Ukraine during the most consequential war in Europe since World War II. Your stand for sovereignty and freedom has inspired people far beyond your borders.

At the same time, freedom loving Iranians remain deeply","President Zelenskyy, many Iranians admire your courage in defending Ukraine during the most consequential war in Europe since World War II. Your stand for sovereignty and freedom has inspired people far beyond your borders.

At the same time, freedom loving Iranians remain deeply"
2022417634990657998,abfarideh,2026-02-13 21:08:33.541000+00:00,"1-Australia - Feb 12, 2026: MEK Supporters in Sydney Held an Exhibition, Backing #IranUprising, Demanding a Democratic Republic.
#No2ShahNo2Mullahs #FreeIran2026",0,0,0,https://x.com/4FreedominIran/status/2022417634990657998,"1-Australia - Feb 12, 2026: MEK Supporters in Sydney Held an Exhibition, Backing #IranUprising, Demanding a Democratic Republic.
#No2ShahNo2Mullahs #FreeIran2026","1-Australia - Feb 12, 2026: MEK Supporters in Sydney Held an Exhibition, Backing #IranUprising, Demanding a Democratic Republic.
#No2ShahNo2Mullahs #FreeIran2026"
2022406548585353494,abfarideh,2026-02-13 20:24:30.336000+00:00,"Supporters of the NCRI in Munich just sent a powerful message the world cannot ignore: Iranians reject BOTH dictatorship and monarchy. The organized democratic alternative exists. #NCRIAlternative #BerlinFreeIranDemo #No2ShahNo2Mullah 
@KTLA
 @ABC7
 @NBCLA
 @FOXLA",0,0,0,https://x.com/NasserSharif1/status/2022406548585353494,"Supporters of the NCRI in Munich just sent a powerful message the world cannot ignore: Iranians reject BOTH dictatorship and monarchy. The organized democratic alternative exists. #NCRIAlternative #BerlinFreeIranDemo #No2ShahNo2Mullah 
@KTLA
 @ABC7
 @NBCLA
 @FOXLA","Supporters of the NCRI in Munich just sent a powerful message the world cannot ignore: Iranians reject BOTH dictatorship and monarchy. The organized democratic alternative exists. #NCRIAlternative #BerlinFreeIranDemo #No2ShahNo2Mullah 
@KTLA
 @ABC7
 @NBCLA
 @FOXLA"
2022293387869614419,abfarideh,2026-02-13 12:54:50.719000+00:00," Munich, Feb 13, 
@MunSecConf
 
Exactly myou’re right, Mr. 
@STRUANSTEVENSON
, that the people of Iran are thinking of nothing less than the overthrow of the regime. With thousands killed, their message is clear:""Down with the oppressor, be it the Shah or the Supreme Leader"" ",0,0,0,https://x.com/ShMadadzadeh/status/2022293387869614419," Munich, Feb 13, 
@MunSecConf
 
Exactly myou’re right, Mr. 
@STRUANSTEVENSON
, that the people of Iran are thinking of nothing less than the overthrow of the regime. With thousands killed, their message is clear:""Down with the oppressor, be it the Shah or the Supreme Leader"" ","Munich, Feb 13, 
@MunSecConf
 
Exactly myou’re right, Mr. 
@STRUANSTEVENSON
, that the people of Iran are thinking of nothing less than the overthrow of the regime. With thousands killed, their message is clear:""Down with the oppressor, be it the Shah or the Supreme Leader"""
2022272470019903533,abfarideh,2026-02-13 11:31:43.515000+00:00,"Vidéo #Munich - 13 février 2026 : des Iraniens à l'appel du Conseil national de la résistance iranienne se sont rassemblés à Odeonsplatz avant #MunichSecurityConference , rejetant les dictatures monarchiques et cléricales, soutenant le soulèvement iranien et appelant à une",0,0,0,https://x.com/afchine_alavi/status/2022272470019903533,"Vidéo #Munich - 13 février 2026 : des Iraniens à l'appel du Conseil national de la résistance iranienne se sont rassemblés à Odeonsplatz avant #MunichSecurityConference , rejetant les dictatures monarchiques et cléricales, soutenant le soulèvement iranien et appelant à une","Video #Munich - February 13, 2026: Iranians at the call of the National Council of Resistance of Iran gathered at Odeonsplatz ahead of the #MunichSecurityConference, rejecting monarchical and clerical dictatorships, supporting the Iranian uprising and calling for a"
2021995611533275455,abfarideh,2026-02-12 17:11:35.308000+00:00,"One voice, one demand: Down with oppressor —whether Shah or mullahs. #BerlinFreeIranDemo

(via 
@en_simayazadi
)",0,0,0,https://x.com/OrgIAC/status/2021995611533275455,"One voice, one demand: Down with oppressor —whether Shah or mullahs. #BerlinFreeIranDemo

(via 
@en_simayazadi
)","One voice, one demand: Down with oppressor —whether Shah or mullahs. #BerlinFreeIranDemo

(via 
@en_simayazadi
)"
2022646414858424634,abfarideh,2026-02-14 12:17:38.912000+00:00,"Thank you dear Mr 
@guyverhofstadt
Very well said
#No2ShahNo2Mullahs
#NCRIAlternative",0,0,0,https://x.com/niki2025n/status/2022646414858424634,"Thank you dear Mr 
@guyverhofstadt
Very well said
#No2ShahNo2Mullahs
#NCRIAlternative","Thank you dear Mr 
@guyverhofstadt
Very well said
#No2ShahNo2Mullahs
#NCRIAlternative"
2022701436266582289,abfarideh,2026-02-14 15:56:17.038000+00:00,"The Iranian people have rejected the royal dictatorship.
#No2ShahNo2Mullahs",0,0,0,https://x.com/alavi20mo/status/2022701436266582289,"The Iranian people have rejected the royal dictatorship.
#No2ShahNo2Mullahs","The Iranian people have rejected the royal dictatorship.
#No2ShahNo2Mullahs"
2022806767508267256,abfarideh,2026-02-14 22:54:49.963000+00:00,"Thank you, sir, for supporting people of #Iran desire for Democracy and freedom.
#No2ShahNo2Mullas 
#MSCNoPahlavi",0,0,0,https://x.com/irani_khanoom/status/2022806767508267256,"Thank you, sir, for supporting people of #Iran desire for Democracy and freedom.
#No2ShahNo2Mullas 
#MSCNoPahlavi","Thank you, sir, for supporting people of #Iran desire for Democracy and freedom.
#No2ShahNo2Mullas 
#MSCNoPahlavi"
2022804746965270648,abfarideh,2026-02-14 22:46:48.228000+00:00,"Thank you for recognizing People of #Iran desire for
a secular Democratic  Republic .
#No2ShahNo2Mullas 
#NCRIAlternative 
#FreeIran10pointsplan 
#MSCNoPahlavi",0,0,0,https://x.com/irani_khanoom/status/2022804746965270648,"Thank you for recognizing People of #Iran desire for
a secular Democratic  Republic .
#No2ShahNo2Mullas 
#NCRIAlternative 
#FreeIran10pointsplan 
#MSCNoPahlavi","Thank you for recognizing People of #Iran desire for
a secular Democratic  Republic .
#No2ShahNo2Mullas 
#NCRIAlternative 
#FreeIran10pointsplan 
#MSCNoPahlavi"
2022919904891146734,abfarideh,2026-02-15 06:24:24.017000+00:00,"It seems we Iranians have no other destiny than dictatorship! Yet the glorious history of this people shows otherwise.
#No2ShahNo2Mullahs",0,0,0,https://x.com/EMohades/status/2022919904891146734,"It seems we Iranians have no other destiny than dictatorship! Yet the glorious history of this people shows otherwise.
#No2ShahNo2Mullahs","It seems we Iranians have no other destiny than dictatorship! Yet the glorious history of this people shows otherwise.
#No2ShahNo2Mullahs"
2022633261474979866,abfarideh,2026-02-14 11:25:22.901000+00:00,"The Iranian people reject dictatorship in all its forms, present and past, theocratic and monarchical. Long live freedom, long live democracy. #No2ShahNo2Mullahs",0,0,0,https://x.com/libertaperliran/status/2022633261474979866,"The Iranian people reject dictatorship in all its forms, present and past, theocratic and monarchical. Long live freedom, long live democracy. #No2ShahNo2Mullahs","The Iranian people reject dictatorship in all its forms, present and past, theocratic and monarchical. Long live freedom, long live democracy. #No2ShahNo2Mullahs"
2022637203713888494,abfarideh,2026-02-14 11:41:02.804000+00:00,"Frankly, Reza Pahlavi has ridden the wave of our resistance (NCRI) for decades without contributing to Iranian liberty.  Reza Pahlavi proudly maintains links with the IRGC that arms Russia against Ukrainian People
#No2ShahNo2Mullahs #MSCNoPahlavi",0,0,0,https://x.com/Mostashari2023/status/2022637203713888494,"Frankly, Reza Pahlavi has ridden the wave of our resistance (NCRI) for decades without contributing to Iranian liberty.  Reza Pahlavi proudly maintains links with the IRGC that arms Russia against Ukrainian People
#No2ShahNo2Mullahs #MSCNoPahlavi","Frankly, Reza Pahlavi has ridden the wave of our resistance (NCRI) for decades without contributing to Iranian liberty.  Reza Pahlavi proudly maintains links with the IRGC that arms Russia against Ukrainian People
#No2ShahNo2Mullahs #MSCNoPahlavi"
2022641113299906711,abfarideh,2026-02-14 11:56:34.922000+00:00,"CC:
@Ukrinform_News
 @ZelenskyyUa
 @Ukraine
@MFA_Ukraine
See Guy Verhofstadt's post. Iran's people reject both #No2ShahNo2Mullahs. They want a secular Republic and seek neither crown nor turban—only a democratic republic with free elections.#MSCNoPahlavi
#FreeIran10PointPlan",0,0,0,https://x.com/GolAzadi/status/2022641113299906711,"CC:
@Ukrinform_News
 @ZelenskyyUa
 @Ukraine
@MFA_Ukraine
See Guy Verhofstadt's post. Iran's people reject both #No2ShahNo2Mullahs. They want a secular Republic and seek neither crown nor turban—only a democratic republic with free elections.#MSCNoPahlavi
#FreeIran10PointPlan","CC:
@Ukrinform_News
 @ZelenskyyUa
 @Ukraine
@MFA_Ukraine
See Guy Verhofstadt's post. Iran's people reject both #No2ShahNo2Mullahs. They want a secular Republic and seek neither crown nor turban—only a democratic republic with free elections.#MSCNoPahlavi
#FreeIran10PointPlan"
2022605995265118701,abfarideh,2026-02-14 09:37:02.130000+00:00,"Exactly. Real change must come from the people themselves.
#MaryamRajavi 
#TenPointPlan",0,0,0,https://x.com/Mohamme59717686/status/2022605995265118701,"Exactly. Real change must come from the people themselves.
#MaryamRajavi 
#TenPointPlan","Exactly. Real change must come from the people themselves.
#MaryamRajavi 
#TenPointPlan"
2022680457700114614,abfarideh,2026-02-14 14:32:55.358000+00:00,"Iranians want democracy — not a recycled monarchy backed by insiders. Pahlavi hasn’t condemned his father’s crimes or distanced himself from the IRGC. This isn’t change, it’s replacement — and those endorsing it lose credibility.
#No2ShahNo2Mullahs",0,0,0,https://x.com/Bahmanasadi31/status/2022680457700114614,"Iranians want democracy — not a recycled monarchy backed by insiders. Pahlavi hasn’t condemned his father’s crimes or distanced himself from the IRGC. This isn’t change, it’s replacement — and those endorsing it lose credibility.
#No2ShahNo2Mullahs","Iranians want democracy — not a recycled monarchy backed by insiders. Pahlavi hasn’t condemned his father’s crimes or distanced himself from the IRGC. This isn’t change, it’s replacement — and those endorsing it lose credibility.
#No2ShahNo2Mullahs"
2022729445086208075,abfarideh,2026-02-14 17:47:34.861000+00:00,"Dear verhofstadt
Mr. Zelensky’s work was to support the Iranian people, but in the confusing and fake digital space to magnify Baby Shah, it has become a historical black spot. It is suggested that he, like Lindsey Graham,withdraw his support.
@ZelenskyyUa
#No2ShahNo2Mullahs
#Iran",0,0,0,https://x.com/kasra2021/status/2022729445086208075,"Dear verhofstadt
Mr. Zelensky’s work was to support the Iranian people, but in the confusing and fake digital space to magnify Baby Shah, it has become a historical black spot. It is suggested that he, like Lindsey Graham,withdraw his support.
@ZelenskyyUa
#No2ShahNo2Mullahs
#Iran","Dear verhofstadt
Mr. Zelensky’s work was to support the Iranian people, but in the confusing and fake digital space to magnify Baby Shah, it has become a historical black spot. It is suggested that he, like Lindsey Graham,withdraw his support.
@ZelenskyyUa
#No2ShahNo2Mullahs
#Iran"
2022770571507867830,abfarideh,2026-02-14 20:31:00.164000+00:00,".
@mikepompeo
Today, the Iranian people are demanding freedom, independence, and a democratic future. We should stand with them. 
#IranRevolution2026 
#IranMassacre",0,0,0,https://x.com/EsmaielMaleki/status/2022770571507867830,".
@mikepompeo
Today, the Iranian people are demanding freedom, independence, and a democratic future. We should stand with them. 
#IranRevolution2026 
#IranMassacre",".
@mikepompeo
Today, the Iranian people are demanding freedom, independence, and a democratic future. We should stand with them. 
#IranRevolution2026 
#IranMassacre"
2022681771075416139,abfarideh,2026-02-14 14:38:08.491000+00:00,"Officially! No to monarchy in Iran
@amanpour
Are you ready to say that he is the person the US—or you personally as a senior Republican senator—support?”
.
@LindseyGrahamSC
 : “No!”
ONE CENTURY OF DICTATORSHOIP IS OVER IN #Iran
#No2ShahNo2Mullahs
#MSC2026",0,0,0,https://x.com/NavidAfkari2/status/2022681771075416139,"Officially! No to monarchy in Iran
@amanpour
Are you ready to say that he is the person the US—or you personally as a senior Republican senator—support?”
.
@LindseyGrahamSC
 : “No!”
ONE CENTURY OF DICTATORSHOIP IS OVER IN #Iran
#No2ShahNo2Mullahs
#MSC2026","Officially! No to monarchy in Iran
@amanpour
Are you ready to say that he is the person the US—or you personally as a senior Republican senator—support?”
.
@LindseyGrahamSC
 : “No!”
ONE CENTURY OF DICTATORSHOIP IS OVER IN #Iran
#No2ShahNo2Mullahs
#MSC2026"
2022807779073827271,abfarideh,2026-02-14 22:58:51.139000+00:00,"@amanpour
: “Do you declare your support for Reza Pahlavi? Are you ready to say that he is the person the United States—or you personally as a senior Republican senator—support?”
.
@LindseyGrahamSC
: “No!”
ONE CENTURY OF DICTATORSHOIP IS OVER IN #Iran
#No2ShahNo2Mullahs
#MSC2026",0,0,0,https://x.com/Maryam04309165/status/2022807779073827271,"@amanpour
: “Do you declare your support for Reza Pahlavi? Are you ready to say that he is the person the United States—or you personally as a senior Republican senator—support?”
.
@LindseyGrahamSC
: “No!”
ONE CENTURY OF DICTATORSHOIP IS OVER IN #Iran
#No2ShahNo2Mullahs
#MSC2026","@amanpour
: “Do you declare your support for Reza Pahlavi? Are you ready to say that he is the person the United States—or you personally as a senior Republican senator—support?”
.
@LindseyGrahamSC
: “No!”
ONE CENTURY OF DICTATORSHOIP IS OVER IN #Iran
#No2ShahNo2Mullahs
#MSC2026"
2022643806840177118,abfarideh,2026-02-14 12:07:17.112000+00:00,"Exactly. The Iranian people already expressed their views on the son of a hated dictator who seeks 2rebuild tyranny insults Iranians' resistance for a democratic republic.“No Shah, no Sheikh”is our bloody historical verdict. 
@ZelenskyyUa
  #FreeIran10PointPlan #No2ShahNo2Mullahs",0,0,0,https://x.com/ExpertsIranian/status/2022643806840177118,"Exactly. The Iranian people already expressed their views on the son of a hated dictator who seeks 2rebuild tyranny insults Iranians' resistance for a democratic republic.“No Shah, no Sheikh”is our bloody historical verdict. 
@ZelenskyyUa
  #FreeIran10PointPlan #No2ShahNo2Mullahs","Exactly. The Iranian people already expressed their views on the son of a hated dictator who seeks 2rebuild tyranny insults Iranians' resistance for a democratic republic.“No Shah, no Sheikh”is our bloody historical verdict. 
@ZelenskyyUa
  #FreeIran10PointPlan #No2ShahNo2Mullahs"
2022750029077737969,abfarideh,2026-02-14 19:09:22.467000+00:00,"Thank you Sir #MSCNoPahlavi 
#No2ShahNo2Mullahs in Iran.",0,0,0,https://x.com/HamidBa18163290/status/2022750029077737969,"Thank you Sir #MSCNoPahlavi 
#No2ShahNo2Mullahs in Iran.","Thank you Sir #MSCNoPahlavi 
#No2ShahNo2Mullahs in Iran."
2022737048583733351,abfarideh,2026-02-14 18:17:47.676000+00:00,"Thanks for so much for your Statement 
#No2ShahNo2Mullahs 
#IranMassacre‌",0,0,0,https://x.com/Bami123/status/2022737048583733351,"Thanks for so much for your Statement 
#No2ShahNo2Mullahs 
#IranMassacre‌","Thanks for so much for your Statement 
#No2ShahNo2Mullahs 
#IranMassacre‌"
2022633023569530914,abfarideh,2026-02-14 11:24:26.180000+00:00,"The son of the dictator who was overthrown by the popular revolution of 1979, who plans, as is clear from his platform, to re-establish his father’s and grandfaher’s dictatorship, cannot be the answer to the demands of the Iranian people, who took to the streets against",0,0,0,https://x.com/GiovaniIraniani/status/2022633023569530914,"The son of the dictator who was overthrown by the popular revolution of 1979, who plans, as is clear from his platform, to re-establish his father’s and grandfaher’s dictatorship, cannot be the answer to the demands of the Iranian people, who took to the streets against","The son of the dictator who was overthrown by the popular revolution of 1979, who plans, as is clear from his platform, to re-establish his father’s and grandfaher’s dictatorship, cannot be the answer to the demands of the Iranian people, who took to the streets against"
2022692473013739575,abfarideh,2026-02-14 15:20:40.032000+00:00,"It is unbelievable that this could happen that in a country like Iran, after the people paid such a heavy price in an anti-monarchical revolution, after the majority rose up against poverty, injustice, corruption, embezzlement, and the absence of political freedoms, the remnants",0,0,0,https://x.com/ElhamNikzat78/status/2022692473013739575,"It is unbelievable that this could happen that in a country like Iran, after the people paid such a heavy price in an anti-monarchical revolution, after the majority rose up against poverty, injustice, corruption, embezzlement, and the absence of political freedoms, the remnants","It is unbelievable that this could happen that in a country like Iran, after the people paid such a heavy price in an anti-monarchical revolution, after the majority rose up against poverty, injustice, corruption, embezzlement, and the absence of political freedoms, the remnants"
2022632308013175172,abfarideh,2026-02-14 11:21:35.578000+00:00,"Exactly. The Iranian people already expressed their views on the monarchical dictatorship with the 1979 revolution. The demonstrators are calling for freedom and democracy, they do not want to switch from today's dictatorship to yesterday's. #No2ShahNo2Mullahs",0,0,0,https://x.com/samiraardalani/status/2022632308013175172,"Exactly. The Iranian people already expressed their views on the monarchical dictatorship with the 1979 revolution. The demonstrators are calling for freedom and democracy, they do not want to switch from today's dictatorship to yesterday's. #No2ShahNo2Mullahs","Exactly. The Iranian people already expressed their views on the monarchical dictatorship with the 1979 revolution. The demonstrators are calling for freedom and democracy, they do not want to switch from today's dictatorship to yesterday's. #No2ShahNo2Mullahs"
2022782415899627528,abfarideh,2026-02-14 21:18:04.087000+00:00,"حتی برای زدن به شما نیز از اکانت و کامنتهای فیک و ماشینی استفاده میکنند.
#خامنه‌ای_جنایتکار",0,0,0,https://x.com/kasra2021/status/2022782415899627528,"حتی برای زدن به شما نیز از اکانت و کامنتهای فیک و ماشینی استفاده میکنند.
#خامنه‌ای_جنایتکار","They even use fake accounts and comments to hit you.
#Criminal Khamenei"
2022624871516102656,abfarideh,2026-02-14 10:52:02.579000+00:00,"Meeting Reza Pahlavi does not change a fundamental fact: after Iran’s anti-monarchical revolution, he holds no democratic legitimacy and no hereditary claim can substitute the will of the Iranian people.
For a president whose nation is bravely resisting Russian aggression,",0,0,0,https://x.com/ElhamNikzat78/status/2022624871516102656,"Meeting Reza Pahlavi does not change a fundamental fact: after Iran’s anti-monarchical revolution, he holds no democratic legitimacy and no hereditary claim can substitute the will of the Iranian people.
For a president whose nation is bravely resisting Russian aggression,","Meeting Reza Pahlavi does not change a fundamental fact: after Iran’s anti-monarchical revolution, he holds no democratic legitimacy and no hereditary claim can substitute the will of the Iranian people.
For a president whose nation is bravely resisting Russian aggression,"
2022795995763855721,abfarideh,2026-02-14 22:12:01.779000+00:00,"#No2ShahNo2Mullahs 
#FreeIran",0,0,0,https://x.com/aslerousta/status/2022795995763855721,"#No2ShahNo2Mullahs 
#FreeIran","#No2ShahNo2Mullahs 
#FreeIran"
2022795884723908656,abfarideh,2026-02-14 22:11:35.305000+00:00,#نه_شاه_نه_شیخ,0,0,0,https://x.com/aslerousta/status/2022795884723908656,#نه_شاه_نه_شیخ,#No_Shah_No_Sheikh
2022697852544123245,abfarideh,2026-02-14 15:42:02.612000+00:00,#ایران ولیعهد ندارد. چندین میلیون ایرانی در سراسر کشور ایران در سال ۱۹۷۸-۱۹۷۹ بیرون ریختند و فریاد زدند مرگ بر شاه. چرا؟ چونکه پهلوی پدر و پسر آنقدر دست به جنایت زدند، مردم را در یکی از ثروتمندترین کشورهای جهان، فقیر نگه داشتند، آنقدر زور گفتند، شکنجه گر تعلیم دادند و زندان و,0,0,0,https://x.com/shahnazfarzaneh/status/2022697852544123245,#ایران ولیعهد ندارد. چندین میلیون ایرانی در سراسر کشور ایران در سال ۱۹۷۸-۱۹۷۹ بیرون ریختند و فریاد زدند مرگ بر شاه. چرا؟ چونکه پهلوی پدر و پسر آنقدر دست به جنایت زدند، مردم را در یکی از ثروتمندترین کشورهای جهان، فقیر نگه داشتند، آنقدر زور گفتند، شکنجه گر تعلیم دادند و زندان و,"#Iran does not have a crown prince. Several million Iranians across the country of Iran in 1978-1979 poured out and shouted death to the Shah. why Because the Pahlavi father and son committed so many crimes, kept people poor in one of the richest countries in the world, forced them so much, taught torturers, and imprisoned and"
2022625672246755421,abfarideh,2026-02-14 10:55:13.488000+00:00,"حواستان باشد با چه کسی دست میدهید فرزند دیکتاتور پیشین ایران که هرگز به جنایتهای پدرش اعتراف نکرده و نسخه سیاسی اش بوی نئوفاشیسم میدهد مردم ایران خون ندادند تا انقلابشان ربوده شود و با استبدادی تازه جایگزین گردد #نه_شاه_نه_شيخ
#MSC2026 #No2ShahNo2Mullahs",0,0,0,https://x.com/Maryam58614514/status/2022625672246755421,"حواستان باشد با چه کسی دست میدهید فرزند دیکتاتور پیشین ایران که هرگز به جنایتهای پدرش اعتراف نکرده و نسخه سیاسی اش بوی نئوفاشیسم میدهد مردم ایران خون ندادند تا انقلابشان ربوده شود و با استبدادی تازه جایگزین گردد #نه_شاه_نه_شيخ
#MSC2026 #No2ShahNo2Mullahs","Be careful who you shake hands with, the son of the former dictator of Iran who has never confessed to his father's crimes and his political version smells of neo-fascism. The people of Iran did not give blood so that their revolution would be hijacked and replaced by a new dictator.
#MSC2026 #No2ShahNo2Mullahs"
2022762304400486897,abfarideh,2026-02-14 19:58:09.132000+00:00,"دست دادن با سارق انقلاب خونین مردم #ایران حمایت از مردم ایران نیست بلکه خیانت به خونهای ریخته شده است
پسر شاه نئوفاشیسم نیابتی خامنه ای است که با مونتاژ و هوش مصنوعی و ربات افکار عمومی را انسبت به اپوزیسیون واقعی مردم ایران که ۴دهه مبارزه و خون داده است منحرف کرده 
مانع انقلاب ست",0,0,0,https://x.com/EsmaielMaleki/status/2022762304400486897,"دست دادن با سارق انقلاب خونین مردم #ایران حمایت از مردم ایران نیست بلکه خیانت به خونهای ریخته شده است
پسر شاه نئوفاشیسم نیابتی خامنه ای است که با مونتاژ و هوش مصنوعی و ربات افکار عمومی را انسبت به اپوزیسیون واقعی مردم ایران که ۴دهه مبارزه و خون داده است منحرف کرده 
مانع انقلاب ست","Shaking hands with the thief of the bloody revolution of #Iranian people is not supporting the Iranian people, but betraying the blood shed
The son of the king of neo-fascism is a representative of Khamenei who, with montages, artificial intelligence and robots, has diverted public opinion towards the real opposition of the Iranian people, which has fought and shed blood for 4 decades. 
It is an obstacle to the revolution"
2022625755633484057,abfarideh,2026-02-14 10:55:33.369000+00:00,"پس از انقلاب ضدسلطنتی مردم ایران، رضا پهلوی هیچ مشروعیت دموکراتیکی ندارد و هیچ عنوان موروثی نمی‌تواند جایگزین اراده مردم ایران شود.
برای رئیس‌جمهور کشوری که در برابر تجاوز روسیه ایستادگی می‌کند، دیدار با فردی که از اتکا به ساختارهای مرتبط با سپاه پاسداران تروریستی  سخن گفته نهادی",0,0,0,https://x.com/ElhamNikzat78/status/2022625755633484057,"پس از انقلاب ضدسلطنتی مردم ایران، رضا پهلوی هیچ مشروعیت دموکراتیکی ندارد و هیچ عنوان موروثی نمی‌تواند جایگزین اراده مردم ایران شود.
برای رئیس‌جمهور کشوری که در برابر تجاوز روسیه ایستادگی می‌کند، دیدار با فردی که از اتکا به ساختارهای مرتبط با سپاه پاسداران تروریستی  سخن گفته نهادی","After the anti-royalty revolution of the Iranian people, Reza Pahlavi has no democratic legitimacy and no hereditary title can replace the will of the Iranian people.
For the president of a country that stands against Russian aggression, meeting with a person who has spoken of relying on structures related to the terrorist Islamic Revolutionary Guard Corps is institutional."
2018696192201277687,abfarideh,2026-02-03 14:40:52.439000+00:00,"#آفساید 
مناظره رضا پهلوی با رضا پهلوی
۱- چه نوع حکومتی را برای آینده ایران ترجیح می‌دهید؟
#No2ShahNo2Mullahs 
#BerlinFreeIranDemo
#مرگ_بر_ستمگر_چه_شاه_باشه_چه_رهبر",0,0,0,https://x.com/Rahesevvom96/status/2018696192201277687,"#آفساید 
مناظره رضا پهلوی با رضا پهلوی
۱- چه نوع حکومتی را برای آینده ایران ترجیح می‌دهید؟
#No2ShahNo2Mullahs 
#BerlinFreeIranDemo
#مرگ_بر_ستمگر_چه_شاه_باشه_چه_رهبر","#Offside 
Debate between Reza Pahlavi and Reza Pahlavi
1- What type of government do you prefer for the future of Iran?
#No2ShahNo2Mullahs 
#BerlinFreeIranDemo
#Death_to_the_tyrant_what_the_king_be_what_the_leader"
2022711956163973123,abfarideh,2026-02-14 16:38:05.177000+00:00,"جناب زلنسكی 
@ZelenskyyUa
 گرامی سلام
با احترام عمیق به ایستادگی شما و مردم اوکراین دردفاع از کشورتان
#رضا_پهلوی یک شارلاتان است که با سپاه پاسداران درارتباط است و اینرا بارهاگفته است
برای شناخت مواضع متناقض او لطفا این رشته پست را ببینید:
x.com/Rahesevvom96/s
…
#No2ShahNo2Mullahs",0,0,0,https://x.com/Rahesevvom96/status/2022711956163973123,"جناب زلنسكی 
@ZelenskyyUa
 گرامی سلام
با احترام عمیق به ایستادگی شما و مردم اوکراین دردفاع از کشورتان
#رضا_پهلوی یک شارلاتان است که با سپاه پاسداران درارتباط است و اینرا بارهاگفته است
برای شناخت مواضع متناقض او لطفا این رشته پست را ببینید:
x.com/Rahesevvom96/s
…
#No2ShahNo2Mullahs","Mr. Zelensky 
@ZelenskyyUa
 hello dear
With deep respect for you and the people of Ukraine standing in defense of your country
#Reza_Pahlavi is a charlatan who is connected with the Revolutionary Guards and has said this many times.
To know his contradictory positions, please see this thread:
x.com/Rahesevvom96/s
…
#No2ShahNo2Mullahs"
2022425487465943484,abfarideh,2026-02-13 21:39:45.717000+00:00,"آرزوی مردم ایران بازگشت به هیچ نظام پیشین نیست، بلکه استقرار حکومتی دموکراتیک، پاسخگو و سکولار بر پایه انتخاب آزاد مردم است. تعاملات بین‌المللی شایسته است با شفافیت و حساسیت بر همین اصل استوار باشد

#نه_شاه_نه_ملا

#اری_به_جمهوری_دموکراتیک",0,0,0,https://x.com/Mohamme59717686/status/2022425487465943484,"آرزوی مردم ایران بازگشت به هیچ نظام پیشین نیست، بلکه استقرار حکومتی دموکراتیک، پاسخگو و سکولار بر پایه انتخاب آزاد مردم است. تعاملات بین‌المللی شایسته است با شفافیت و حساسیت بر همین اصل استوار باشد

#نه_شاه_نه_ملا

#اری_به_جمهوری_دموکراتیک","The desire of the Iranian people is not to return to any previous system, but to establish a democratic, accountable and secular government based on the free choice of the people. International interactions should be based on this principle with transparency and sensitivity

#No_Shah_No_Molla

#Eri_to_the_democratic_republic"
2022818532753301850,abfarideh,2026-02-14 23:41:35.016000+00:00,"دست دادن به شیخ و شاه امید بستن به دیکتاتوری خیانت به آرمان ازادی و انقلاب مردم ایران است
هر رهبری که چنین کند یک معذرت خواهی به مردم ایران بدهکار است
پسر شاه و دفترچه اضطرار او بازتولید فاشیسم است
مردم ایران خون ندادند که تاج را باعمامه تعویض کنند
#مونیخ
#شاه_رفت_شیخ_میرود",0,0,0,https://x.com/Maryam04309165/status/2022818532753301850,"دست دادن به شیخ و شاه امید بستن به دیکتاتوری خیانت به آرمان ازادی و انقلاب مردم ایران است
هر رهبری که چنین کند یک معذرت خواهی به مردم ایران بدهکار است
پسر شاه و دفترچه اضطرار او بازتولید فاشیسم است
مردم ایران خون ندادند که تاج را باعمامه تعویض کنند
#مونیخ
#شاه_رفت_شیخ_میرود","Shaking hands with the sheikh and the king is a betrayal of the ideal of freedom and revolution of the Iranian people
Any leader who does this owes an apology to the people of Iran
The Shah's son and his emergency book are reproductions of fascism
The people of Iran did not give blood to replace the crown with a turban
#Munich
#Shah_roft_sheikh_mirood"
2022742139722182998,abfarideh,2026-02-14 18:38:01.498000+00:00,"Пане Президенте, з повагою: Пехлеві не представляє демократичні прагнення іранців. Ми прагнемо свободи від будь-якої диктатури — минулої й теперішньої. #No2ShahNo2Mullahs",0,0,0,https://x.com/simasepehri95/status/2022742139722182998,"Пане Президенте, з повагою: Пехлеві не представляє демократичні прагнення іранців. Ми прагнемо свободи від будь-якої диктатури — минулої й теперішньої. #No2ShahNo2Mullahs","Mr. President, with respect: Pahlavi does not represent the democratic aspirations of Iranians. We seek freedom from any dictatorship, past or present. #No2ShahNo2Mullahs"
2022344309647737105,abfarideh,2026-02-13 16:17:11.417000+00:00,"If indeed true,Meeting and acknowledging an IRGC protege who openly boasts of having support of over 100,000 of their rank & file, will be not only be shameful but a blatant insult to all victims of #IranMassacre 
#MSCNoPahlavi 
#IRGCTerrorists",0,0,0,https://x.com/MoeDarvish/status/2022344309647737105,"If indeed true,Meeting and acknowledging an IRGC protege who openly boasts of having support of over 100,000 of their rank & file, will be not only be shameful but a blatant insult to all victims of #IranMassacre 
#MSCNoPahlavi 
#IRGCTerrorists","If indeed true,Meeting and acknowledging an IRGC protege who openly boasts of having support of over 100,000 of their rank & file, will be not only be shameful but a blatant insult to all victims of #IranMassacre 
#MSCNoPahlavi 
#IRGCTerrorists"
2022328576104972666,abfarideh,2026-02-13 15:14:40.248000+00:00,"x.com/hanifjazayeri/
…

Mr. President, You are reportedly set to meet Reza Pahlavi, the son of Iran’s former dictator (Shah). If so, that would be a huge slap to the democratic aspirations of the Iranian ppl. Iranian ppl have supported Ukraine, don’t let us down. #MSCNoPahlavi",0,0,0,https://x.com/IraniRebel/status/2022328576104972666,"x.com/hanifjazayeri/
…

Mr. President, You are reportedly set to meet Reza Pahlavi, the son of Iran’s former dictator (Shah). If so, that would be a huge slap to the democratic aspirations of the Iranian ppl. Iranian ppl have supported Ukraine, don’t let us down. #MSCNoPahlavi","x.com/hanifjazayeri/
…

Mr. President, You are reportedly set to meet Reza Pahlavi, the son of Iran’s former dictator (Shah). If so, that would be a huge slap to the democratic aspirations of the Iranian ppl. Iranian ppl have supported Ukraine, don’t let us down. #MSCNoPahlavi"
2022303782634221990,abfarideh,2026-02-13 13:36:09.024000+00:00,"After you’ve engaged in talks with the son of former dictator Shah, you will see that he’s unqualified to run a hot dog stand let alone a country of diverse ethnicities. 
His followers chant “Heil Shah” and “Death to the left and MeK.” A divisive fascist unworthy of your time",0,0,0,https://x.com/farbodmah/status/2022303782634221990,"After you’ve engaged in talks with the son of former dictator Shah, you will see that he’s unqualified to run a hot dog stand let alone a country of diverse ethnicities. 
His followers chant “Heil Shah” and “Death to the left and MeK.” A divisive fascist unworthy of your time","After you’ve engaged in talks with the son of former dictator Shah, you will see that he’s unqualified to run a hot dog stand let alone a country of diverse ethnicities. 
His followers chant “Heil Shah” and “Death to the left and MeK.” A divisive fascist unworthy of your time"
2022307750940717193,abfarideh,2026-02-13 13:51:55.142000+00:00,"Reports state you may be meeting with the son of the former dictator of Iran
Iranians are fighting for a secular democratic republic in Iran
we don't intend to recycle the previous dictatorship
Stand by Iranians-cancel the meeting
#No2ShahNo2Mullahs",0,0,0,https://x.com/Ashrafi4ever/status/2022307750940717193,"Reports state you may be meeting with the son of the former dictator of Iran
Iranians are fighting for a secular democratic republic in Iran
we don't intend to recycle the previous dictatorship
Stand by Iranians-cancel the meeting
#No2ShahNo2Mullahs","Reports state you may be meeting with the son of the former dictator of Iran
Iranians are fighting for a secular democratic republic in Iran
we don't intend to recycle the previous dictatorship
Stand by Iranians-cancel the meeting
#No2ShahNo2Mullahs"
2022660840688693278,abfarideh,2026-02-14 13:14:58.298000+00:00,"Speech at the Grand Gathering of Iranians in Berlin On the Anniversary of the Iranian People’s Anti-Monarchical Revolution-
According to the program of the National Council of Resistance of Iran, the constitution of future Iran will be drafted by a Constituent Assembly, elected",0,0,0,https://x.com/Maryam_Rajavi/status/2022660840688693278,"Speech at the Grand Gathering of Iranians in Berlin On the Anniversary of the Iranian People’s Anti-Monarchical Revolution-
According to the program of the National Council of Resistance of Iran, the constitution of future Iran will be drafted by a Constituent Assembly, elected","Speech at the Grand Gathering of Iranians in Berlin On the Anniversary of the Iranian People’s Anti-Monarchical Revolution-
According to the program of the National Council of Resistance of Iran, the constitution of future Iran will be drafted by a Constituent Assembly, elected"
2022280710900392405,abfarideh,2026-02-13 12:04:28.294000+00:00,"Happening now: Perseverance and resilience in action: from the powerful Feb. 7 rally in Berlin to today’s determined presence in Munich, the voice of a free Iran will not be silenced 
@MunSecConf
 @_FriedrichMerz
 @EmmanuelMacron
 @kajakallas
 @POTUS
 @EP_President
 
#MSCNoPahlavi",0,0,0,https://x.com/amsafavi/status/2022280710900392405,"Happening now: Perseverance and resilience in action: from the powerful Feb. 7 rally in Berlin to today’s determined presence in Munich, the voice of a free Iran will not be silenced 
@MunSecConf
 @_FriedrichMerz
 @EmmanuelMacron
 @kajakallas
 @POTUS
 @EP_President
 
#MSCNoPahlavi","Happening now: Perseverance and resilience in action: from the powerful Feb. 7 rally in Berlin to today’s determined presence in Munich, the voice of a free Iran will not be silenced 
@MunSecConf
 @_FriedrichMerz
 @EmmanuelMacron
 @kajakallas
 @POTUS
 @EP_President
 
#MSCNoPahlavi"
2022427812674588943,abfarideh,2026-02-13 21:49:00.090000+00:00,"President Zelenskyy,

Your meeting with the son of Iran’s former dictator is not a diplomatic gesture — it is a political mistake with moral consequences.

At a moment when Ukrainians are shedding blood in defense of freedom, legitimizing a figure associated with a dictatorship",0,0,0,https://x.com/Taaherzadeh/status/2022427812674588943,"President Zelenskyy,

Your meeting with the son of Iran’s former dictator is not a diplomatic gesture — it is a political mistake with moral consequences.

At a moment when Ukrainians are shedding blood in defense of freedom, legitimizing a figure associated with a dictatorship","President Zelenskyy,

Your meeting with the son of Iran’s former dictator is not a diplomatic gesture — it is a political mistake with moral consequences.

At a moment when Ukrainians are shedding blood in defense of freedom, legitimizing a figure associated with a dictatorship"
2022035394569912826,abfarideh,2026-02-12 19:49:40.323000+00:00,"Heading to Munich  to stand with the Iranian people and their organised resistance for the overthrow of the theocratic regime

Iran’s future belongs to its people – free from all forms of dictatorship
#No2ShahNo2Mullahs

 
in-muenchen.de/events/kundgeb
…

MSC FreeIran 
#MSCNoPahlavi",0,0,0,https://x.com/HanifFreeIran/status/2022035394569912826,"Heading to Munich  to stand with the Iranian people and their organised resistance for the overthrow of the theocratic regime

Iran’s future belongs to its people – free from all forms of dictatorship
#No2ShahNo2Mullahs

 
in-muenchen.de/events/kundgeb
…

MSC FreeIran 
#MSCNoPahlavi","Heading to Munich  to stand with the Iranian people and their organised resistance for the overthrow of the theocratic regime

Iran’s future belongs to its people – free from all forms of dictatorship
#No2ShahNo2Mullahs

 
in-muenchen.de/events/kundgeb
…

MSC FreeIran 
#MSCNoPahlavi"
2022368652515738102,abfarideh,2026-02-13 17:53:55.209000+00:00," L’université reste éveillée
À Université Ferdowsi de Machhad, les étudiants exigent la libération des détenus

Au moins 100 étudiants tués lors du soulèvement de janvier 2026
#Iran #IranProtests
 
wncri.org/fr/2026/02/12/
…",0,0,0,https://x.com/CNRIfemmes/status/2022368652515738102," L’université reste éveillée
À Université Ferdowsi de Machhad, les étudiants exigent la libération des détenus

Au moins 100 étudiants tués lors du soulèvement de janvier 2026
#Iran #IranProtests
 
wncri.org/fr/2026/02/12/
…","The university stays awake
At Ferdowsi University in Mashhad, students demand the release of detainees

At least 100 students killed during January 2026 uprising
#Iran #IranProtests
 
wncri.org/fr/2026/02/12/
…"
2022259845089415208,abfarideh,2026-02-13 10:41:33.497000+00:00,"REUTERS :
Protest against the Iranian government, on the first day of the Munich Security Conference (MSC), in Munich
Friday, 13th February 2026, 11:30 AM GMT+1

A woman with a sticker on her hand takes part in a rally against the Iranian government under the motto ""No to the",0,0,0,https://x.com/Taaherzadeh/status/2022259845089415208,"REUTERS :
Protest against the Iranian government, on the first day of the Munich Security Conference (MSC), in Munich
Friday, 13th February 2026, 11:30 AM GMT+1

A woman with a sticker on her hand takes part in a rally against the Iranian government under the motto ""No to the","REUTERS :
Protest against the Iranian government, on the first day of the Munich Security Conference (MSC), in Munich
Friday, 13th February 2026, 11:30 AM GMT+1

A woman with a sticker on her hand takes part in a rally against the Iranian government under the motto ""No to the"
2021548004600131883,abfarideh,2026-02-11 11:32:57.499000+00:00,بازگشت همیشه شکست نیست. گاهی شورشِ تن است، علیه بی‌راهه. گاهی فهم این‌که زنده ماندن، لزوماً در ادامه دادنِ مسیر قبلی نیست، که در ساختن مسیر جدید است. ساختنِ نه بیانیه، که بنیان، نه اجماع، که انسجام. نه پلتفرم، که فرماندهی. نه واژه، که وزن. نه گذشته، که قدرت. ما نیاز به هسته,0,0,0,https://x.com/MischannP/status/2021548004600131883,بازگشت همیشه شکست نیست. گاهی شورشِ تن است، علیه بی‌راهه. گاهی فهم این‌که زنده ماندن، لزوماً در ادامه دادنِ مسیر قبلی نیست، که در ساختن مسیر جدید است. ساختنِ نه بیانیه، که بنیان، نه اجماع، که انسجام. نه پلتفرم، که فرماندهی. نه واژه، که وزن. نه گذشته، که قدرت. ما نیاز به هسته,"Returning is not always failure. Sometimes it is a rebellion of the body, against the wayless. Sometimes understanding that survival is not necessarily in continuing the previous path, but in building a new path. Building not a statement, but a foundation, not a consensus, but a coherence. Not the platform, but the command. Not words, but weight. Not the past, that power. We need the core"
2022056334322176273,abfarideh,2026-02-12 21:12:52.749000+00:00,"A short clip of the Berlin rally of Iran resistance -PMOI- on 7 Feb with nice music! 

#FreeIran2026",0,0,0,https://x.com/FirouzMahvi/status/2022056334322176273,"A short clip of the Berlin rally of Iran resistance -PMOI- on 7 Feb with nice music! 

#FreeIran2026","A short clip of the Berlin rally of Iran resistance -PMOI- on 7 Feb with nice music! 

#FreeIran2026"
2022406277742367032,abfarideh,2026-02-13 20:23:25.762000+00:00,Supporters of the NCRI in Munich just sent a powerful message the world cannot ignore: Iranians reject BOTH dictatorship and monarchy. The organized democratic alternative exists. #NCRIAlternative #BerlinFreeIranDemo #No2ShahNo2Mullah,0,0,0,https://x.com/NasserSharif1/status/2022406277742367032,Supporters of the NCRI in Munich just sent a powerful message the world cannot ignore: Iranians reject BOTH dictatorship and monarchy. The organized democratic alternative exists. #NCRIAlternative #BerlinFreeIranDemo #No2ShahNo2Mullah,Supporters of the NCRI in Munich just sent a powerful message the world cannot ignore: Iranians reject BOTH dictatorship and monarchy. The organized democratic alternative exists. #NCRIAlternative #BerlinFreeIranDemo #No2ShahNo2Mullah
2021976746405638591,abfarideh,2026-02-12 15:56:37.511000+00:00,"Excellent Op-Ed by Prof. Alejo 
@VidalQuadras
, European Vice President (2009 - 2014): ""Focus Iran’s Future on Democracy, Not Dynasty""  
townhall.com/columnists/ale
… 
@No2ShahNo2Mullahs",0,0,0,https://x.com/amsafavi/status/2021976746405638591,"Excellent Op-Ed by Prof. Alejo 
@VidalQuadras
, European Vice President (2009 - 2014): ""Focus Iran’s Future on Democracy, Not Dynasty""  
townhall.com/columnists/ale
… 
@No2ShahNo2Mullahs","Excellent Op-Ed by Prof. Alejo 
@VidalQuadras
, European Vice President (2009 - 2014): ""Focus Iran’s Future on Democracy, Not Dynasty""  
townhall.com/columnists/ale
… 
@No2ShahNo2Mullahs"
2022503398692786694,abfarideh,2026-02-14 02:49:21.201000+00:00,"فرقه فاشیستی پهلوی‌
@PahlaviReza
 

#نه_شاه_نه_شیخ",0,0,0,https://x.com/farbodmah/status/2022503398692786694,"فرقه فاشیستی پهلوی‌
@PahlaviReza
 

#نه_شاه_نه_شیخ","Pahlavi fascist sect
@PahlaviReza
 

#No_Shah_No_Sheikh"
2022433978855362672,abfarideh,2026-02-13 22:13:30.222000+00:00,"برای ایران برای فردا برای فرزندان این سرزمین 
#نه_سلطنت_نه_رهبری_دموکراسی_برابری ",0,0,0,https://x.com/AQaraee/status/2022433978855362672,"برای ایران برای فردا برای فرزندان این سرزمین 
#نه_سلطنت_نه_رهبری_دموکراسی_برابری ","For Iran, for tomorrow, for the children of this land 
#No_kingdom_no_leadership_democracy_equality"
2022404974106571238,abfarideh,2026-02-13 20:18:14.951000+00:00,"آقای زلنسکی خیلی متاسفم. 
آیا شما حاضر هستید با بقایای رژیم تزار در روسیه هم ملاقات کنید؟؟؟؟ 
طرف ملاقات شما پسر یک دیکتاتور مفلوک است که ۴۷ سال قبل بدنبال یک انقلاب مردمی بهمراه خانواده اش از ایران اخراج شدند.",0,0,0,https://x.com/n_m_raz/status/2022404974106571238,"آقای زلنسکی خیلی متاسفم. 
آیا شما حاضر هستید با بقایای رژیم تزار در روسیه هم ملاقات کنید؟؟؟؟ 
طرف ملاقات شما پسر یک دیکتاتور مفلوک است که ۴۷ سال قبل بدنبال یک انقلاب مردمی بهمراه خانواده اش از ایران اخراج شدند.","Mr. Zelensky, I am very sorry. 
Are you ready to meet the remnants of the tsarist regime in Russia? 
The person you are visiting is the son of a doomed dictator who was expelled from Iran with his family 47 years ago following a popular revolution."
2022392998802419761,abfarideh,2026-02-13 19:30:39.816000+00:00,آن کسانی که شما را تشویق به ملاقات با بازماندگان یک دیکتاتوری سابق کرده اند مطلقا شناختی ندارند که مردم ایران چه می خواهند: سرنگونی رژیم ضد بشری کنونی و برقراری یک جمهوری سکولار و دمکراتیک. #No2ShahNo2Mullahs,0,0,0,https://x.com/g_shahram/status/2022392998802419761,آن کسانی که شما را تشویق به ملاقات با بازماندگان یک دیکتاتوری سابق کرده اند مطلقا شناختی ندارند که مردم ایران چه می خواهند: سرنگونی رژیم ضد بشری کنونی و برقراری یک جمهوری سکولار و دمکراتیک. #No2ShahNo2Mullahs,Those who have encouraged you to meet with the survivors of a former dictatorship have absolutely no idea what the Iranian people want: the overthrow of the current anti-human regime and the establishment of a secular and democratic republic. #No2ShahNo2Mullahs
2022383698319151561,abfarideh,2026-02-13 18:53:42.408000+00:00,آقای زلنسکی اجازه ندهید که پسر دیکتاتور سابق ایران از ملاقات با شما سوء استفاده تبلیغاتی کنند شما از هر دیکتاتوری به خوبی فاصله گرفتید ولی رضا پهلوی هیچگاه از جنایات پدر دیکتاتورش فاصله نگرفته. ایرانیان خواهان آزادی و دمکراسی هستند نه یک دیکتاتور دیگر. #No2ShahNo2Mullahs,0,0,0,https://x.com/saiedazadi/status/2022383698319151561,آقای زلنسکی اجازه ندهید که پسر دیکتاتور سابق ایران از ملاقات با شما سوء استفاده تبلیغاتی کنند شما از هر دیکتاتوری به خوبی فاصله گرفتید ولی رضا پهلوی هیچگاه از جنایات پدر دیکتاتورش فاصله نگرفته. ایرانیان خواهان آزادی و دمکراسی هستند نه یک دیکتاتور دیگر. #No2ShahNo2Mullahs,"Mr. Zelensky, don't let the son of Iran's ex-dictator exploit his meeting with you for propaganda. You have distanced yourself from every dictator, but Reza Pahlavi has never distanced himself from the crimes of his dictator father. Iranians want freedom and democracy, not another dictator. #No2ShahNo2Mullahs"
2022498687348347260,abfarideh,2026-02-14 02:30:37.929000+00:00,"Mr. Volodymyr Zelenskyy,

As an Iranian, I was surprised by your meeting with Reza Pahlavi. I would like to ask: did you ask yourself why the people of Iran overthrew his father’s regime 47 years ago? Did you inquire about the record of that government, particularly the actions",0,0,0,https://x.com/mmasoori07/status/2022498687348347260,"Mr. Volodymyr Zelenskyy,

As an Iranian, I was surprised by your meeting with Reza Pahlavi. I would like to ask: did you ask yourself why the people of Iran overthrew his father’s regime 47 years ago? Did you inquire about the record of that government, particularly the actions","Mr. Volodymyr Zelenskyy,

As an Iranian, I was surprised by your meeting with Reza Pahlavi. I would like to ask: did you ask yourself why the people of Iran overthrew his father’s regime 47 years ago? Did you inquire about the record of that government, particularly the actions"
2022511280402391540,abfarideh,2026-02-14 03:20:40.347000+00:00,مردم ایران برای رسیدن به دمکراسی و یک جمهوری سکولار مبارزه می کنند. رضا پهلوی فرزند دیکتاتوری که توسط یک انقلاب سرنگون شد بیشتر باعث تفرقه بین اپوزیسیون شده است. ایران اقوام و‌افکار مختلف دارد .#نه_شاه_نه_شیخ,0,0,0,https://x.com/SadeghiAllen/status/2022511280402391540,مردم ایران برای رسیدن به دمکراسی و یک جمهوری سکولار مبارزه می کنند. رضا پهلوی فرزند دیکتاتوری که توسط یک انقلاب سرنگون شد بیشتر باعث تفرقه بین اپوزیسیون شده است. ایران اقوام و‌افکار مختلف دارد .#نه_شاه_نه_شیخ,"Iranian people are fighting for democracy and a secular republic. Reza Pahlavi, the son of a dictator who was overthrown by a revolution, has caused more division among the opposition. Iran has different ethnicities and thoughts. #No_Shah_No_Sheikh"
2022381097884029088,abfarideh,2026-02-13 18:43:22.416000+00:00,ملاقات شما با پسر دیکتاتوری سابق برای مردم ایران خوشایند نیست. سیستم سایبری پسر شاه دیکتاتور تحت نظر وزارت اطلاعات با فحاشی و جنگ روانی قصد حذف اپوزسيون واقعی مردم ایران که خواهان یک جمهوری دمکراتیک هستند را دارند.,0,0,0,https://x.com/Jasmin2009Jila/status/2022381097884029088,ملاقات شما با پسر دیکتاتوری سابق برای مردم ایران خوشایند نیست. سیستم سایبری پسر شاه دیکتاتور تحت نظر وزارت اطلاعات با فحاشی و جنگ روانی قصد حذف اپوزسيون واقعی مردم ایران که خواهان یک جمهوری دمکراتیک هستند را دارند.,"Your meeting with the former dictator's son is not pleasant for the people of Iran. The cyber system of the dictator's son, under the supervision of the Ministry of Information, intends to eliminate the real opposition of the Iranian people who want a democratic republic with obscenity and psychological warfare."
2022406386282565764,abfarideh,2026-02-13 20:23:51.640000+00:00,"Dear M. President 
@ZelenskyyUa
 Unfortunately you have been misleading. 
You, your courage and your fight and courage of your people are so far from the guy you met. 
You have been standing from day one alongside your people fighting tyrant, and resisting to oppressor 
This guy ,",0,0,0,https://x.com/Mahifeh23/status/2022406386282565764,"Dear M. President 
@ZelenskyyUa
 Unfortunately you have been misleading. 
You, your courage and your fight and courage of your people are so far from the guy you met. 
You have been standing from day one alongside your people fighting tyrant, and resisting to oppressor 
This guy ,","Dear M. President 
@ZelenskyyUa
 Unfortunately you have been misleading. 
You, your courage and your fight and courage of your people are so far from the guy you met. 
You have been standing from day one alongside your people fighting tyrant, and resisting to oppressor 
This guy ,"
2022380367496515742,abfarideh,2026-02-13 18:40:28.278000+00:00,ممنون از قیام مردم ایران حمایت میکنید ولی مردم ایران یک بار پدر دیکتاتور ش که زندان‌ها و شکنجه گاهها را ساخت بیرون کردند و خانواده اش با چمدان‌های پول مردم ایران فرار کردند مردم این هم تجربه دیکتاتوری سلطنتی را دارند و هم تجربه دیکتاتوری مذهبی ملاها و یک جمهوری دمکراتیک میخواهند,0,0,0,https://x.com/Jasmin2009Jila/status/2022380367496515742,ممنون از قیام مردم ایران حمایت میکنید ولی مردم ایران یک بار پدر دیکتاتور ش که زندان‌ها و شکنجه گاهها را ساخت بیرون کردند و خانواده اش با چمدان‌های پول مردم ایران فرار کردند مردم این هم تجربه دیکتاتوری سلطنتی را دارند و هم تجربه دیکتاتوری مذهبی ملاها و یک جمهوری دمکراتیک میخواهند,"Thank you for supporting the uprising of the people of Iran, but the people of Iran once kicked out their dictator father who built prisons and torture centers and his family fled with suitcases of the money of the people of Iran. The people have both the experience of royal dictatorship and the experience of the religious dictatorship of the mullahs and they want a democratic republic."
2022408135567372345,abfarideh,2026-02-13 20:30:48.702000+00:00,It is truly astonishing. A president fighting for the freedom of his country is meeting with and promoting dictatorship for my country. Pahlavi's political platform is a blueprint for authoritarian rule that puts Putin to shame.,0,0,0,https://x.com/Mili10601770/status/2022408135567372345,It is truly astonishing. A president fighting for the freedom of his country is meeting with and promoting dictatorship for my country. Pahlavi's political platform is a blueprint for authoritarian rule that puts Putin to shame.,It is truly astonishing. A president fighting for the freedom of his country is meeting with and promoting dictatorship for my country. Pahlavi's political platform is a blueprint for authoritarian rule that puts Putin to shame.
2022375141204791720,abfarideh,2026-02-13 18:19:42.233000+00:00,,0,0,0,https://x.com/Akbari7Gholam/status/2022375141204791720,,
2022408983081091507,abfarideh,2026-02-13 20:34:10.765000+00:00,"I have admired your dedication and bravery for years, President Zelensky. But you have been ill-advised. Pahlavi's political platform (Iran Prosperity Project) promotes Pahlavi's dictatorship. This meeting is a disgrace to you and to all those who fight for freedom.",0,0,0,https://x.com/Mili10601770/status/2022408983081091507,"I have admired your dedication and bravery for years, President Zelensky. But you have been ill-advised. Pahlavi's political platform (Iran Prosperity Project) promotes Pahlavi's dictatorship. This meeting is a disgrace to you and to all those who fight for freedom.","I have admired your dedication and bravery for years, President Zelensky. But you have been ill-advised. Pahlavi's political platform (Iran Prosperity Project) promotes Pahlavi's dictatorship. This meeting is a disgrace to you and to all those who fight for freedom."
2022513610648338675,abfarideh,2026-02-14 03:29:55.921000+00:00,"آقای 
@ZelenskyyUa
 شما با ملاقات با فرزند دیکتاتور سابق ایران اعتبار خودتان را در بین بسیاری از ایرانیان آزادیخواه و ضد رژیم از دست دادید. 
رضا پهلوی نماینده هیچکس جز مشتی فسیل سلطنت طلب مستبد و چماقدار نیست. این رژیم ایران است که با باتها و لشکر سایبری او را در سوشیال میدیا",0,0,0,https://x.com/rezashams777/status/2022513610648338675,"آقای 
@ZelenskyyUa
 شما با ملاقات با فرزند دیکتاتور سابق ایران اعتبار خودتان را در بین بسیاری از ایرانیان آزادیخواه و ضد رژیم از دست دادید. 
رضا پهلوی نماینده هیچکس جز مشتی فسیل سلطنت طلب مستبد و چماقدار نیست. این رژیم ایران است که با باتها و لشکر سایبری او را در سوشیال میدیا","Mr 
@ZelenskyyUa
 By meeting the son of the former dictator of Iran, you lost your credibility among many freedom-loving and anti-regime Iranians. 
Reza Pahlavi is no one's representative except a handful of autocratic royalist fossils. It is the regime of Iran that used Bata and its cyber army on social media"
2022438280982335719,abfarideh,2026-02-13 22:30:35.929000+00:00,"کاش تحقیق کرده بودی. این که خودش پروژه رژیمه برای جلوگیری از سرنگونی 
#No2ShahNo2Mullahs",0,0,0,https://x.com/MirMoumeni/status/2022438280982335719,"کاش تحقیق کرده بودی. این که خودش پروژه رژیمه برای جلوگیری از سرنگونی 
#No2ShahNo2Mullahs","I wish you had researched. This is the regime's project to prevent the overthrow 
#No2ShahNo2Mullahs"
2022435696745828504,abfarideh,2026-02-13 22:20:19.799000+00:00,"آقای زلنسکی رئیس‌جمهور اوکراین!
ما مردم ایران احترام خاصی برای مقاومت مردم شجاع اوکراین و شما به عنوان رئیس‌جمهور اوکراین قائل هستیم، دیدار شما با بچه شاه دیکتاتور(محمد رضا پهلوی)قلب ما ایرانیان را جریحه دار کرد...
رضا پهلوی نماینده ما نیست و شعار ما نه شاه و نه شیخ هست
با تشکر",0,0,0,https://x.com/HamidAhmad1891/status/2022435696745828504,"آقای زلنسکی رئیس‌جمهور اوکراین!
ما مردم ایران احترام خاصی برای مقاومت مردم شجاع اوکراین و شما به عنوان رئیس‌جمهور اوکراین قائل هستیم، دیدار شما با بچه شاه دیکتاتور(محمد رضا پهلوی)قلب ما ایرانیان را جریحه دار کرد...
رضا پهلوی نماینده ما نیست و شعار ما نه شاه و نه شیخ هست
با تشکر","Mr. Zelensky, the president of Ukraine!
We, the people of Iran, have special respect for the resistance of the brave people of Ukraine and you as the President of Ukraine, your meeting with the dictator's son (Mohammed Reza Pahlavi) wounded the hearts of us Iranians...
Reza Pahlavi is not our representative and our slogan is neither king nor sheikh
thanks"
2022390776374923680,abfarideh,2026-02-13 19:21:49.948000+00:00,مردم ایران نه بازگشت به استبداد سلطنتی را می‌خواهند و نه تداوم استبداد مذهبی را. خواست روشن، یک نظام جمهوری دموکراتیک مبتنی بر رأی مردم، حاکمیت قانون و پاسخگویی است. هیچ جریان یا فردی بدون پاسخ‌گویی نسبت به گذشته و بدون اتکا به اراده آزاد مردم، مشروعیتی برای سخن گفتن از آینده,0,0,0,https://x.com/alavi2183/status/2022390776374923680,مردم ایران نه بازگشت به استبداد سلطنتی را می‌خواهند و نه تداوم استبداد مذهبی را. خواست روشن، یک نظام جمهوری دموکراتیک مبتنی بر رأی مردم، حاکمیت قانون و پاسخگویی است. هیچ جریان یا فردی بدون پاسخ‌گویی نسبت به گذشته و بدون اتکا به اراده آزاد مردم، مشروعیتی برای سخن گفتن از آینده,"The people of Iran neither want a return to royal tyranny nor the continuation of religious tyranny. A clear desire is a democratic republic system based on people's vote, rule of law and accountability. No current or individual without accountability to the past and without relying on the free will of the people, legitimacy to speak about the future."
2022456636552409160,abfarideh,2026-02-13 23:43:32.238000+00:00,"President Zelensky, you led your country's resistance against the invader, inspiring the admiration of the Iranian people, yet you decided to meet with Reza Pahlavi, the son of Iran’s former dictator, who is guilty of countless crimes and was deposed by the popular revolution of",0,0,0,https://x.com/GiovaniIraniani/status/2022456636552409160,"President Zelensky, you led your country's resistance against the invader, inspiring the admiration of the Iranian people, yet you decided to meet with Reza Pahlavi, the son of Iran’s former dictator, who is guilty of countless crimes and was deposed by the popular revolution of","President Zelensky, you led your country's resistance against the invader, inspiring the admiration of the Iranian people, yet you decided to meet with Reza Pahlavi, the son of Iran’s former dictator, who is guilty of countless crimes and was deposed by the popular revolution of"
2022480046561378468,abfarideh,2026-02-14 01:16:33.619000+00:00,"جناب زلنسكی
@ZelenskyyUa
 گرامی شما با فرد اشتباهی دیدار کردی. او پسر دیکتاتور سابق ایران است که ۵۰ سال پیش از قدرت برکنار شد. او نه یک رهبر است و نه حتی یک تاجر؛ او یک سلبریتی است که هرگز به ایران بازنخواهد گشت. دیدار با چنین فرد بی‌اثری که تمام عمرش را با پولی که از مردم ایران",0,0,0,https://x.com/Ahmad66_m/status/2022480046561378468,"جناب زلنسكی
@ZelenskyyUa
 گرامی شما با فرد اشتباهی دیدار کردی. او پسر دیکتاتور سابق ایران است که ۵۰ سال پیش از قدرت برکنار شد. او نه یک رهبر است و نه حتی یک تاجر؛ او یک سلبریتی است که هرگز به ایران بازنخواهد گشت. دیدار با چنین فرد بی‌اثری که تمام عمرش را با پولی که از مردم ایران","Mr. Zelensky
@ZelenskyyUa
 Dear, you have met the wrong person. He is the son of the former dictator of Iran who was removed from power 50 years ago. He is neither a leader nor even a businessman; He is a celebrity who will never return to Iran. Meeting with such an ineffective person who spent his whole life with money from the people of Iran"
2022535566441496825,abfarideh,2026-02-14 04:57:10.590000+00:00,"مردم ایران بهای آزادی را با خون داده‌اند و فریادشان روشن است:
«مرگ بر ستمگر، چه شاه باشد چه رهبر».
حمایت از حق تعیین سرنوشت ملت‌ها یعنی پرهیز از مشروعیت‌بخشی به هر شکل از دیکتاتوری — موروثی یا مذهبی.
همبستگی واقعی با مردم ایران در کنار جمهوریت، رأی آزاد و نفی استبداد معنا پیدا می",0,0,0,https://x.com/IranianAc/status/2022535566441496825,"مردم ایران بهای آزادی را با خون داده‌اند و فریادشان روشن است:
«مرگ بر ستمگر، چه شاه باشد چه رهبر».
حمایت از حق تعیین سرنوشت ملت‌ها یعنی پرهیز از مشروعیت‌بخشی به هر شکل از دیکتاتوری — موروثی یا مذهبی.
همبستگی واقعی با مردم ایران در کنار جمهوریت، رأی آزاد و نفی استبداد معنا پیدا می","Iranian people have paid the price of freedom with blood and their cry is clear:
""Death to the oppressor, whether he is a king or a leader.""
Supporting the right of nations to self-determination means avoiding legitimizing any form of dictatorship - hereditary or religious.
True solidarity with the people of Iran is meaningful next to the republic, free vote and rejection of tyranny"
2022453723876802816,abfarideh,2026-02-13 23:31:57.802000+00:00,"President Zelensky, Reza Pahlavi hopes to exploit your stoic resistance to gain legitimacy: do not allow him to do so. Reza Pahlavi is merely the son of the former Iranian dictator, who was deposed by a popular revolution, and his sole objective is to re-establish another",0,0,0,https://x.com/samiraardalani/status/2022453723876802816,"President Zelensky, Reza Pahlavi hopes to exploit your stoic resistance to gain legitimacy: do not allow him to do so. Reza Pahlavi is merely the son of the former Iranian dictator, who was deposed by a popular revolution, and his sole objective is to re-establish another","President Zelensky, Reza Pahlavi hopes to exploit your stoic resistance to gain legitimacy: do not allow him to do so. Reza Pahlavi is merely the son of the former Iranian dictator, who was deposed by a popular revolution, and his sole objective is to re-establish another"
2022535292830261405,abfarideh,2026-02-14 04:56:05.356000+00:00,"The Iranian people have paid for freedom with their blood, and their message is clear:
“Down with the oppressor — whether Shah or Supreme Leader.”
Supporting the right of nations to self-determination means avoiding legitimizing any form of dictatorship — hereditary or",0,0,0,https://x.com/IranianAc/status/2022535292830261405,"The Iranian people have paid for freedom with their blood, and their message is clear:
“Down with the oppressor — whether Shah or Supreme Leader.”
Supporting the right of nations to self-determination means avoiding legitimizing any form of dictatorship — hereditary or","The Iranian people have paid for freedom with their blood, and their message is clear:
“Down with the oppressor — whether Shah or Supreme Leader.”
Supporting the right of nations to self-determination means avoiding legitimizing any form of dictatorship — hereditary or"
2022402358433460450,abfarideh,2026-02-13 20:07:51.326000+00:00,"جناب آقای رئیس‌جمهور زلنسکی،

با احترام عمیق به ایستادگی شما و مردم اوکراین در دفاع از کرامت انسانی و تمامیت ارضی کشورتان، این نامه را از موضع همدلی و مسئولیت اخلاقی می‌نویسم. ملت ایران درد از دست دادن عزیزان به‌دست استبداد را به‌خوبی می‌شناسد و رنج مردم اوکراین را درک می‌کند.",0,0,0,https://x.com/Soroush_DadKhah/status/2022402358433460450,"جناب آقای رئیس‌جمهور زلنسکی،

با احترام عمیق به ایستادگی شما و مردم اوکراین در دفاع از کرامت انسانی و تمامیت ارضی کشورتان، این نامه را از موضع همدلی و مسئولیت اخلاقی می‌نویسم. ملت ایران درد از دست دادن عزیزان به‌دست استبداد را به‌خوبی می‌شناسد و رنج مردم اوکراین را درک می‌کند.","Mr. President Zelensky,

With deep respect for your and the people of Ukraine's stand in defense of human dignity and territorial integrity of your country, I am writing this letter from the position of empathy and moral responsibility. The Iranian people know the pain of losing their loved ones at the hands of tyranny and understand the suffering of the Ukrainian people."
2022429630217818518,abfarideh,2026-02-13 21:56:13.426000+00:00,"واقعا جای تاسف داره شما اقای زلسنکی با این کارتان یک ملتی را جریحه دار کردید 
زیرا دست دادن به فردی که هدفش بر قراری یک دیکتاتوری دیگر در ایران هست دقیقا ضد خواسته مردم ایران است 
مردم ایران دموکراسی و آزادی میخواهند نه بازگشت به دیکتاتوری سابق 
#No2ShahNo2Mullahs",0,0,0,https://x.com/shaghayeghazad4/status/2022429630217818518,"واقعا جای تاسف داره شما اقای زلسنکی با این کارتان یک ملتی را جریحه دار کردید 
زیرا دست دادن به فردی که هدفش بر قراری یک دیکتاتوری دیگر در ایران هست دقیقا ضد خواسته مردم ایران است 
مردم ایران دموکراسی و آزادی میخواهند نه بازگشت به دیکتاتوری سابق 
#No2ShahNo2Mullahs","It is really unfortunate that you, Mr. Zelesanki, hurt a nation with your work 
Because shaking hands with a person whose goal is to install another dictatorship in Iran is exactly against the will of the Iranian people 
The people of Iran want democracy and freedom, not a return to the former dictatorship 
#No2ShahNo2Mullahs"
2022437348500476047,abfarideh,2026-02-13 22:26:53.608000+00:00,"Amplifying the son of a deposed dictator sends the wrong message. Iranians reject BOTH monarchy and theocracy. Real solidarity means supporting democratic alternatives, not restoring past repression. #No2ShahNo2Mullah 
@Ukrinform_News
 @ZelenskyyUa
 @Ukraine
 @MFA_Ukraine",0,0,0,https://x.com/NasserSharif1/status/2022437348500476047,"Amplifying the son of a deposed dictator sends the wrong message. Iranians reject BOTH monarchy and theocracy. Real solidarity means supporting democratic alternatives, not restoring past repression. #No2ShahNo2Mullah 
@Ukrinform_News
 @ZelenskyyUa
 @Ukraine
 @MFA_Ukraine","Amplifying the son of a deposed dictator sends the wrong message. Iranians reject BOTH monarchy and theocracy. Real solidarity means supporting democratic alternatives, not restoring past repression. #No2ShahNo2Mullah 
@Ukrinform_News
 @ZelenskyyUa
 @Ukraine
 @MFA_Ukraine"
2022434516237979882,abfarideh,2026-02-13 22:15:38.344000+00:00,"Mr. Zelenskyy, legitimizing figures linked to past dictatorship is misrepresenting the Iranian people’s aspirations. The future of Iran lies in a secular democratic republic — not a return to monarchy or authoritarianism as 100,000 echoed in Berlin last week!
#No2ShahNo2Mullahs",0,0,0,https://x.com/NasserSharif1/status/2022434516237979882,"Mr. Zelenskyy, legitimizing figures linked to past dictatorship is misrepresenting the Iranian people’s aspirations. The future of Iran lies in a secular democratic republic — not a return to monarchy or authoritarianism as 100,000 echoed in Berlin last week!
#No2ShahNo2Mullahs","Mr. Zelenskyy, legitimizing figures linked to past dictatorship is misrepresenting the Iranian people’s aspirations. The future of Iran lies in a secular democratic republic — not a return to monarchy or authoritarianism as 100,000 echoed in Berlin last week!
#No2ShahNo2Mullahs"
2022402108234858765,abfarideh,2026-02-13 20:06:51.674000+00:00,"The world is witnessing a wave of change in Iran. People on the streets will change the course of history. 

Now is the time to double down on our support for liberty for the people of Iran.

For their fight for freedom, and for an end to the repression and bloodshed.

Just as",0,0,0,https://x.com/EP_President/status/2022402108234858765,"The world is witnessing a wave of change in Iran. People on the streets will change the course of history. 

Now is the time to double down on our support for liberty for the people of Iran.

For their fight for freedom, and for an end to the repression and bloodshed.

Just as","The world is witnessing a wave of change in Iran. People on the streets will change the course of history. 

Now is the time to double down on our support for liberty for the people of Iran.

For their fight for freedom, and for an end to the repression and bloodshed.

Just as"
2022450466152681509,abfarideh,2026-02-13 23:19:01.100000+00:00,"“We Don’t Want Any Dictatorship,” Thousands Rally for Iran Democracy in ... 
youtu.be/I6Z9g11A8xY?si
… via 
@YouTube",0,0,0,https://x.com/JavadDabiran/status/2022450466152681509,"“We Don’t Want Any Dictatorship,” Thousands Rally for Iran Democracy in ... 
youtu.be/I6Z9g11A8xY?si
… via 
@YouTube","“We Don’t Want Any Dictatorship,” Thousands Rally for Iran Democracy in ... 
youtu.be/I6Z9g11A8xY?si
… via 
@YouTube"
2022479102767190497,abfarideh,2026-02-14 01:12:48.601000+00:00,"مراسم چهلم جانباختگان راه آزادی میهن #رضا_حبیبی و #سجاد_داراب در کرج.
#IranRevolution2026",0,0,0,https://x.com/Ehsan_Tni/status/2022479102767190497,"مراسم چهلم جانباختگان راه آزادی میهن #رضا_حبیبی و #سجاد_داراب در کرج.
#IranRevolution2026","The 40th ceremony of #Reza_Habibi and #Sajad_Darab who died on the way to the freedom of the homeland in Karaj.
#IranRevolution2026"
2022264433414709257,abfarideh,2026-02-13 10:59:47.439000+00:00,"Iran: Stoppt die Todesstrafe von Saleh Mohammadi – und von allen anderen, denen sie droht!",0,0,0,https://x.com/AmnestyAustria/status/2022264433414709257,"Iran: Stoppt die Todesstrafe von Saleh Mohammadi – und von allen anderen, denen sie droht!",Iran: Stop the death penalty for Saleh Mohammadi – and everyone else who faces it!
2022340001493594287,abfarideh,2026-02-13 16:00:04.273000+00:00,"Saleh Mohammadi a 18 ans.

En Iran, il est champion de lutte.

Aujourd’hui, il est condamné à mort pour avoir participé aux mobilisations de janvier dernier dans le pays.

 Les autorités iraniennes doivent abandonner tout projet d'exécution contre lui !",0,0,0,https://x.com/amnestyfrance/status/2022340001493594287,"Saleh Mohammadi a 18 ans.

En Iran, il est champion de lutte.

Aujourd’hui, il est condamné à mort pour avoir participé aux mobilisations de janvier dernier dans le pays.

 Les autorités iraniennes doivent abandonner tout projet d'exécution contre lui !","Saleh Mohammadi is 18 years old.

In Iran, he is a wrestling champion.

Today, he is sentenced to death for having participated in the mobilizations last January in the country.

 The Iranian authorities must abandon any plans to execute him!"
